iter	RMSE
0	433.564129511	407.386697522	384.919192433	365.115060144	347.23982085	332.3186449
6	318.3805179
7	307.3682368
8	297.122425
9	288.3136099110	280.6224175111	274.5653831112	269.1104126113	263.1484219114	258.1294002115	253.0306921116	249.2209221117	245.4946256118	242.4795639119	239.4497938220	236.8556569221	234.41634
22	232.6256906
23	230.6858808
24	228.8372813
25	227.4242059
26	225.2316081
27	223.4212711
228	222.5577799229	220.5848285330	219.392208
31	218.3125847
32	216.9485621
33	216.034475
34	214.8082398
35	213.7528768
36	212.4518057
37	211.4009237
38	210.6467882
39	209.6674518
40	208.3558467441	207.426513
42	206.5501341
43	205.5099161
44	204.4078587
45	203.3275738
46	202.3675417
47	201.7424708
48	201.0902651
49	200.3780616
50	199.8137068
51	199.0249876
52	198.1071749553	197.2743233554	196.3130205555	195.3199385656	194.6939857	57	193.9744358	58	193.1325559	59	192.4021560	60	191.4668435
61	190.6584965
62	189.8914881
63	189.1438422
64	188.6184865	65	187.9692466	66	187.3315967	67	186.5733968	68	185.9989969	69	185.5224670	70	184.8701671	71	184.3226972	72	183.7693673	73	183.243774	174	182.649175	175	181.959576	176	181.466177	177	180.76378	1878	180.0298582
79	179.4835357
80	178.9141322
81	178.3385244
82	177.8365348
83	177.4439709
84	176.8414681
85	176.3534612
86	175.9091751
87	175.5510077
88	175.2609481
89	174.7491214
90	174.4372836
91	174.0161649
92	173.5585999
93	173.3526967
94	172.9814623
95	172.3187823
96	171.9350924
97	171.3557238
98	170.7649276
99	170.4815415
100	170.1998102
101	169.6929674
102	169.2312336
103	168.7901385
104	168.2763915
105	167.9068982
106	167.3415715
107	167.0198434
108	166.5497499
109	166.1211138
110	165.8027794
111	165.4957021
112	164.9559856
113	164.5489737
114	163.9550581
115	163.4806329
116	163.1030299
117	162.7078162
118	162.3569622
119	161.9071101
120	161.4101857
121	161.039329
122	160.5680272
123	160.1453982
124	159.7112965
125	159.4597741
126	159.2106241
127	158.6839298
128	158.4548278
129	158.0526106
130	157.4233625
131	157.0201386
132	156.7956427
133	156.5271354
134	156.2818181
135	155.8170754
136	155.4090937
137	155.1301068
138	154.7569987
139	154.5077003
140	154.2177898
141	153.726995
142	153.4186739
143	153.1768673
144	152.9068811
145	152.6958359
146	152.430208
147	152.0145599
148	151.6208376
149	151.3429433
150	150.9274349
151	150.5905681
152	150.3642076
153	150.1921089
154	149.9078809
155	149.6862122
156	149.3886181
157	149.1717847
158	148.8521345
159	148.4719298
160	148.2487471
161	147.8694107
162	147.6239987
163	147.4146557
164	147.1482556
165	146.95699
166	146.619988
167	146.253648
168	146.0633174
169	145.7374848
170	145.5520685
171	145.2966042
172	145.0136352
173	144.7133804
174	144.4556417
175	144.2247541
176	143.9863506
177	143.7531717
178	143.5188449
179	143.2366837
180	142.9350893
181	142.6866523
182	142.3936405
183	142.1215921
184	141.8974488
185	141.6798205
186	141.4591047
187	141.1662397
188	140.8956802
189	140.6149738
190	140.3248682
191	140.1015073
192	139.9545283
193	139.8265614
194	139.5898991
195	139.3901235
196	139.1630222
197	138.931704
198	138.6794816
199	138.4673785
200	138.220113
201	137.9423429
202	137.7061591
203	137.4929298
204	137.233293
205	136.9413595
206	136.7226759
207	136.4817783
208	136.1809223
209	135.9546193
210	135.665512
211	135.3648985
212	135.0741478
213	134.8007669
214	134.4983489
215	134.2659607
216	134.1093058
217	133.9745739
218	133.7720553
219	133.5398024
220	133.3583053
221	133.1222594
222	132.9296429
223	132.7419507
224	132.5480266
225	132.3912833
226	132.2152836
227	132.0938138
228	131.866847
229	131.6888789
230	131.4391039
231	131.2658921
232	130.9997538
233	130.7515009
234	130.6369659
235	130.3548757
236	130.1519663
237	129.9169853
238	129.6902683
239	129.493555
240	129.3345484
241	129.2023021
242	129.0210475
243	128.8903472
244	128.7482895
245	128.6516619
246	128.5042026
247	128.3134822
248	128.1597604
249	128.033411
250	127.8901941
251	127.7427865
252	127.5851622
253	127.4815854
254	127.3404588
255	127.1549405
256	126.9488422
257	126.816294
258	126.6819461
259	126.5370251
260	126.3127044
261	126.0598645
262	125.8914815
263	125.6271854
264	125.4186997
265	125.2803276
266	125.1502886
267	124.9829167
268	124.881337
269	124.6586194
270	124.5964065
271	124.4805598
272	124.2207882
273	124.0707998
274	123.8780108
275	123.6877844
276	123.5314324
277	123.3696386
278	123.2331785
279	123.0149653
280	122.9067939
281	122.7851219
282	122.631505
283	122.4466628
284	122.3172416
285	122.1191565
286	121.9884262
287	121.8866168
288	121.7653863
289	121.5768724
290	121.3995934
291	121.2241296
292	121.0569218
293	120.8664622
294	120.8019053
295	120.702548
296	120.5050324
297	120.2997813
298	120.1775785
299	119.9970462
300	119.8429745
301	119.7572942
302	119.6220203
303	119.4824866
304	119.3896967
305	119.2753482
306	119.1674341
307	118.9528346
308	118.7769953
309	118.5526551
310	118.4434483
311	118.3180017
312	118.1871745
313	117.977294
314	117.8584315
315	117.7103605
316	117.5097033
317	117.3375121
318	117.2029537
319	117.0781586
320	116.9311261
321	116.7851836
322	116.6653815
323	116.5609374
324	116.301347
325	116.1702317
326	115.9927657
327	115.8524277
328	115.7289363
329	115.5871637
330	115.4572475
331	115.3724664
332	115.1725586
333	115.0470775
334	114.9457129
335	114.8110053
336	114.7297372
337	114.6470649
338	114.5438792
339	114.4578551
340	114.3197692
341	114.2328531
342	114.1344897
343	114.0599848
344	113.9608962
345	113.7722331
346	113.6327948
347	113.5351964
348	113.4708554
349	113.341374
350	113.2326269
351	113.1691935
352	113.0623638
353	112.9463551
354	112.8087487
355	112.7207938
356	112.6295003
357	112.4584987
358	112.4129957
359	112.252088
360	112.1181163
361	112.0152851
362	111.8902194
363	111.7720091
364	111.6317918
365	111.4619953
366	111.353374
367	111.2404885
368	111.1768187
369	111.039866
370	110.9390775
371	110.8711887
372	110.7608703
373	110.6991932
374	110.5492445
375	110.3797648
376	110.2902979
377	110.2068045
378	110.1429532
379	109.9865602
380	109.7811006
381	109.5841805
382	109.4823548
383	109.3177133
384	109.1841778
385	109.1358873
386	108.9448402
387	108.8873715
388	108.7842835
389	108.5947838
390	108.5269537
391	108.3553774
392	108.2103352
393	108.1390914
394	108.0250976
395	107.9378368
396	107.8341026
397	107.7488554
398	107.6353012
399	107.5496438
400	107.4552492
401	107.409494
402	107.327427
403	107.2634706
404	107.161488
405	107.081209
406	107.0095169
407	106.8840587
408	106.676257
409	106.5444297
410	106.4059241
411	106.3311277
412	106.1863049
413	106.0925433
414	105.9872487
415	105.8413587
416	105.6798685
417	105.5442002
418	105.4153896
419	105.2300643
420	105.1101712
421	104.9656998
422	104.8254224
423	104.6780799
424	104.5858483
425	104.539104
426	104.3650995
427	104.2902023
428	104.21064
429	104.0692601
430	104.0108217
431	103.9135936
432	103.8553182
433	103.7707466
434	103.6992391
435	103.6563532
436	103.571789
437	103.4641565
438	103.3072449
439	103.210737
440	103.1270983
441	103.0400803
442	102.9127272
443	102.8738035
444	102.8212757
445	102.7196249
446	102.5929988
447	102.5450906
448	102.4029217
449	102.3192069
450	102.241343
451	102.1551309
452	102.0782214
453	101.9990595
454	101.8602213
455	101.7579885
456	101.679814
457	101.5826425
458	101.548619
459	101.3885683
460	101.292496
461	101.1896091
462	101.0942805
463	100.9748516
464	100.9121103
465	100.7973919
466	100.6557264
467	100.5694824
468	100.4697061
469	100.3759142
470	100.2662332
471	100.2048778
472	100.1353599
473	100.0485874
474	99.96826969
475	99.87966148
476	99.7354571
477	99.65580776
478	99.55039535
479	99.51755107
480	99.4327126
481	99.35886365
482	99.2725677
483	99.19707819
484	99.12636284
485	99.00925968
486	98.93760457
487	98.89302789
488	98.80855408
489	98.71969138
490	98.63629307
491	98.54255524
492	98.46511924
493	98.37603013
494	98.27174321
495	98.23677905
496	98.1425321
497	98.08162265
498	98.01053458
499	97.89885992
500	97.84695246
501	97.72308328
502	97.63746334
503	97.55348916
504	97.48141256
505	97.4298078
506	97.31538222
507	97.24000236
508	97.17877772
509	97.13755545
510	97.03625673
511	96.97282362
512	96.8959273
513	96.79027345
514	96.7001823
515	96.60468419
516	96.54601818
517	96.46127764
518	96.388224
519	96.3521719
520	96.29374397
521	96.21845997
522	96.18552094
523	96.10944026
524	96.0619198
525	95.99641929
526	95.92471879
527	95.8412729
528	95.73835636
529	95.67871282
530	95.61472845
531	95.53987556
532	95.43572425
533	95.34294688
534	95.23638618
535	95.17156484
536	95.09961278
537	95.04746894
538	94.94639439
539	94.85370748
540	94.80663077
541	94.705912
542	94.60945073
543	94.54674594
544	94.47499783
545	94.42581017
546	94.32579623
547	94.27744581
548	94.25816122
549	94.13952642
550	94.04024831
551	93.97370578
552	93.91713762
553	93.8353345
554	93.74163349
555	93.68279021
556	93.60066939
557	93.53798638
558	93.4723059
559	93.41744511
560	93.32712956
561	93.26913429
562	93.19409424
563	93.06201094
564	93.01319428
565	92.94409283
566	92.88630597
567	92.84694775
568	92.78330778
569	92.73515546
570	92.67313963
571	92.61613524
572	92.56698389
573	92.50165639
574	92.38080401
575	92.33429819
576	92.25964544
577	92.19535664
578	92.11609427
579	92.06410809
580	91.97011552
581	91.93611862
582	91.88605582
583	91.82159573
584	91.76911733
585	91.67895835
586	91.63797299
587	91.61265771
588	91.55450007
589	91.43775477
590	91.38635322
591	91.32728463
592	91.27005252
593	91.20086726
594	91.13831405
595	91.09031863
596	91.02433964
597	90.95627358
598	90.90087911
599	90.85013782
600	90.76799239
601	90.73761331
602	90.65729211
603	90.62214901
604	90.57882498
605	90.53065681
606	90.44174837
607	90.38309794
608	90.32289982
609	90.27732592
610	90.21975148
611	90.15484125
612	90.01962811
613	89.91488331
614	89.87265097
615	89.78840372
616	89.70678543
617	89.61548032
618	89.56678091
619	89.49947612
620	89.42045793
621	89.36357303
622	89.31608668
623	89.25444298
624	89.1732744
625	89.08169711
626	89.032247
627	88.97456528
628	88.91143925
629	88.86126907
630	88.77925916
631	88.70852871
632	88.65440692
633	88.59477221
634	88.51901008
635	88.44214233
636	88.36639025
637	88.30210633
638	88.20861401
639	88.14966523
640	88.10271842
641	88.05114497
642	88.01208083
643	87.92514478
644	87.87785529
645	87.76805216
646	87.71309225
647	87.61956511
648	87.54013025
649	87.50629456
650	87.46372654
651	87.41063448
652	87.36507312
653	87.32424326
654	87.26802012
655	87.22332764
656	87.18355833
657	87.10990919
658	87.05078811
659	86.98733817
660	86.92165285
661	86.83694201
662	86.79628527
663	86.72023474
664	86.63033262
665	86.57512445
666	86.49533434
667	86.44726739
668	86.38155432
669	86.29604543
670	86.22055615
671	86.16033869
672	86.08948566
673	86.02391083
674	85.98578997
675	85.96000061
676	85.921551
677	85.8620623
678	85.79981419
679	85.74374906
680	85.68401207
681	85.64958376
682	85.59257207
683	85.5507945
684	85.4843687
685	85.43139821
686	85.36347225
687	85.32169035
688	85.25898368
689	85.22322088
690	85.16655142
691	85.08458685
692	85.01571799
693	84.97085626
694	84.89614613
695	84.82693995
696	84.72368235
697	84.6728651
698	84.63767025
699	84.56986502
700	84.51859192
701	84.47374413
702	84.40946856
703	84.3766061
704	84.34586885
705	84.28360958
706	84.22854031
707	84.19351394
708	84.13254421
709	84.02872868
710	83.97327698
711	83.934841
712	83.86556774
713	83.77394584
714	83.71655378
715	83.65609516
716	83.57787252
717	83.53843241
718	83.52112468
719	83.42970325
720	83.34380717
721	83.29058523
722	83.25709646
723	83.21712074
724	83.18553328
725	83.13569262
726	83.06185802
727	82.98446499
728	82.90534326
729	82.844325
730	82.78169671
731	82.72913865
732	82.63958225
733	82.55684457
734	82.47552932
735	82.42304628
736	82.35877022
737	82.29729023
738	82.26145542
739	82.22481123
740	82.16887494
741	82.09459547
742	82.04283754
743	81.97506651
744	81.94684532
745	81.90170982
746	81.88594413
747	81.78028005
748	81.71226255
749	81.67163478
750	81.59538557
751	81.55781126
752	81.50390932
753	81.46964554
754	81.3900356
755	81.35160987
756	81.30908595
757	81.27294051
758	81.21170518
759	81.1835425
760	81.12779472
761	81.07978819
762	81.03991116
763	80.98092102
764	80.91701186
765	80.86396609
766	80.80788031
767	80.78272399
768	80.75023084
769	80.7052549
770	80.67274715
771	80.6200331
772	80.57344553
773	80.54800219
774	80.51857608
775	80.43003792
776	80.35811133
777	80.32131785
778	80.27748525
779	80.21220097
780	80.1843723
781	80.14986459
782	80.12095142
783	80.08380644
784	80.03593892
785	80.0178226
786	79.9848072
787	79.92868229
788	79.87228634
789	79.81063237
790	79.76548914
791	79.70861949
792	79.64022959
793	79.60824059
794	79.56820561
795	79.49427324
796	79.44396363
797	79.40045847
798	79.37138188
799	79.31635362
800	79.26963969
801	79.23682857
802	79.18106895
803	79.14881302
804	79.07401006
805	79.02221779
806	78.97720227
807	78.93264084
808	78.89065063
809	78.85061293
810	78.79794501
811	78.72850292
812	78.68604231
813	78.6593105
814	78.62880672
815	78.59372242
816	78.54768105
817	78.47741793
818	78.42021393
819	78.39063029
820	78.35085469
821	78.32673586
822	78.28677024
823	78.24564802
824	78.19712481
825	78.16895773
826	78.10702836
827	78.06350714
828	78.00365043
829	77.95127394
830	77.91953641
831	77.87444888
832	77.81700384
833	77.78114612
834	77.7609509
835	77.73539094
836	77.69014767
837	77.6495075
838	77.61634276
839	77.55829016
840	77.52436554
841	77.48011068
842	77.43538511
843	77.37958072
844	77.35709284
845	77.28290462
846	77.25644479
847	77.21390237
848	77.18577883
849	77.14029063
850	77.10233503
851	77.05570556
852	77.03626095
853	77.00039428
854	76.92921198
855	76.887887
856	76.86867975
857	76.84809124
858	76.80376449
859	76.75527527
860	76.70726968
861	76.66017441
862	76.62609209
863	76.59376551
864	76.55313094
865	76.5104386
866	76.48497607
867	76.45760503
868	76.4200493
869	76.37584083
870	76.30749011
871	76.27719877
872	76.23238398
873	76.19749842
874	76.15457675
875	76.11614364
876	76.07816791
877	76.0353543
878	75.98691414
879	75.94138538
880	75.88646657
881	75.84999622
882	75.80337176
883	75.78360865
884	75.74792772
885	75.70047154
886	75.65213221
887	75.59306384
888	75.55790694
889	75.51705966
890	75.48673104
891	75.42125879
892	75.38708469
893	75.36043137
894	75.31348464
895	75.28075426
896	75.21891392
897	75.19146199
898	75.13998966
899	75.11698849
900	75.08588209
901	75.03443304
902	75.00899928
903	74.99261841
904	74.92376584
905	74.87878425
906	74.84133934
907	74.80568702
908	74.76728576
909	74.72824458
910	74.67374542
911	74.65134139
912	74.60234462
913	74.57016982
914	74.53347044
915	74.48768423
916	74.4734082
917	74.43607457
918	74.3928272
919	74.35609867
920	74.321043
921	74.29227996
922	74.24566816
923	74.19204233
924	74.16000182
925	74.12651309
926	74.08953158
927	74.06274514
928	74.01609921
929	73.98985383
930	73.94293223
931	73.89765265
932	73.8709548
933	73.85131461
934	73.80685766
935	73.77313886
936	73.74618048
937	73.70452418
938	73.67099541
939	73.64456275
940	73.61844899
941	73.57684707
942	73.54026721
943	73.50490183
944	73.4637232
945	73.42821477
946	73.39718969
947	73.3637224
948	73.30778568
949	73.2661874
950	73.2197367
951	73.18104218
952	73.15059301
953	73.09458475
954	73.04373724
955	73.01173824
956	72.96668746
957	72.9193724
958	72.89146652
959	72.85765389
960	72.82030289
961	72.77160194
962	72.73934081
963	72.69499985
964	72.64234851
965	72.59469969
966	72.5363752
967	72.49505744
968	72.42938778
969	72.38520499
970	72.35284441
971	72.29463813
972	72.27200769
973	72.21137494
974	72.17663051
975	72.10928181
976	72.08149655
977	72.0383504
978	71.99388585
979	71.95348311
980	71.92319696
981	71.89349888
982	71.8622973
983	71.84355468
984	71.82247012
985	71.80014489
986	71.77440962
987	71.74201958
988	71.71275373
989	71.67213087
990	71.61060605
991	71.56386358
992	71.54857197
993	71.50962184
994	71.46928434
995	71.447712
996	71.38546848
997	71.33248903
998	71.29893653
999	71.26643598
1000	71.23995278
1001	71.19457832
1002	71.16520089
1003	71.12339358
1004	71.08728177
1005	71.05549214
1006	70.99438668
1007	70.95291987
1008	70.89237939
1009	70.85565907
1010	70.82852651
1011	70.76816814
1012	70.7465778
1013	70.70810533
1014	70.66799499
1015	70.65336016
1016	70.58680072
1017	70.54636968
1018	70.48815155
1019	70.43185852
1020	70.39087052
1021	70.35675368
1022	70.3051273
1023	70.24935945
1024	70.19899374
1025	70.17048315
1026	70.13007238
1027	70.09309531
1028	70.05026419
1029	70.02422592
1030	69.99108244
1031	69.93927239
1032	69.88023781
1033	69.84455526
1034	69.77898445
1035	69.73058708
1036	69.68711772
1037	69.62018668
1038	69.58211721
1039	69.56861858
1040	69.54002589
1041	69.4895835
1042	69.45075285
1043	69.41465753
1044	69.36379944
1045	69.32720178
1046	69.30360175
1047	69.2491293
1048	69.20841817
1049	69.18441643
1050	69.16298472
1051	69.14269392
1052	69.08683133
1053	69.06895331
1054	69.05434596
1055	69.01339006
1056	68.98324411
1057	68.93913715
1058	68.91633961
1059	68.87977612
1060	68.86525577
1061	68.84449757
1062	68.82271309
1063	68.80623033
1064	68.78150373
1065	68.74986639
1066	68.69786975
1067	68.67049141
1068	68.62859365
1069	68.59525677
1070	68.57466656
1071	68.54684172
1072	68.5232884
1073	68.48458122
1074	68.44832026
1075	68.42229472
1076	68.3602203
1077	68.31222403
1078	68.2871181
1079	68.22234978
1080	68.18245074
1081	68.13732131
1082	68.11677636
1083	68.08510343
1084	68.03128772
1085	68.0059992
1086	67.97733213
1087	67.95775545
1088	67.93910232
1089	67.91423877
1090	67.88103908
1091	67.8683921
1092	67.84334976
1093	67.8238511
1094	67.80474894
1095	67.77565844
1096	67.75281271
1097	67.73409672
1098	67.69472491
1099	67.65664304
1100	67.6390034
1101	67.58496288
1102	67.53205482
1103	67.50185192
1104	67.45941003
1105	67.43237536
1106	67.40023025
1107	67.34223035
1108	67.30805342
1109	67.29727576
1110	67.22976241
1111	67.20641046
1112	67.18440039
1113	67.15380708
1114	67.10084406
1115	67.08690829
1116	67.05619125
1117	67.04442769
1118	67.00282782
1119	66.977422
1120	66.95670678
1121	66.94182287
1122	66.92238433
1123	66.88697643
1124	66.86837652
1125	66.84110966
1126	66.79684031
1127	66.7803024
1128	66.73887044
1129	66.71859047
1130	66.67035577
1131	66.65617296
1132	66.61763681
1133	66.59613315
1134	66.57287043
1135	66.53743618
1136	66.51025462
1137	66.49109309
1138	66.47873318
1139	66.44712065
1140	66.41382045
1141	66.38202744
1142	66.35439875
1143	66.32091818
1144	66.31104868
1145	66.27230807
1146	66.2257791
1147	66.1878346
1148	66.14948243
1149	66.10811228
1150	66.06308581
1151	66.02131727
1152	65.99394628
1153	65.96039457
1154	65.91266717
1155	65.89610243
1156	65.84646753
1157	65.80488526
1158	65.75394203
1159	65.72286998
1160	65.68236985
1161	65.6172677
1162	65.57546202
1163	65.54099104
1164	65.51097408
1165	65.48166737
1166	65.4651767
1167	65.45134676
1168	65.43519418
1169	65.41294813
1170	65.39702435
1171	65.36725274
1172	65.34935164
1173	65.31481786
1174	65.29029482
1175	65.24438705
1176	65.22640613
1177	65.20970994
1178	65.17323019
1179	65.14289044
1180	65.12040822
1181	65.08048285
1182	65.04900232
1183	65.03686622
1184	64.99845077
1185	64.93928128
1186	64.89803539
1187	64.86262557
1188	64.82481635
1189	64.77782571
1190	64.72927656
1191	64.70197435
1192	64.6735593
1193	64.64704017
1194	64.63610514
1195	64.62266481
1196	64.59293278
1197	64.54419632
1198	64.51775193
1199	64.47792072
1200	64.45696053
1201	64.41447576
1202	64.39313962
1203	64.36945119
1204	64.33411131
1205	64.31706879
1206	64.29631476
1207	64.27901757
1208	64.25603504
1209	64.23240189
1210	64.21063705
1211	64.19005433
1212	64.1668674
1213	64.12680442
1214	64.11068057
1215	64.0861278
1216	64.04898565
1217	64.0327487
1218	63.99649549
1219	63.97064134
1220	63.95483946
1221	63.90554502
1222	63.88619006
1223	63.85699172
1224	63.83109907
1225	63.802614
1226	63.76396243
1227	63.74286896
1228	63.71537044
1229	63.6823048
1230	63.65063848
1231	63.61850294
1232	63.57872418
1233	63.54966775
1234	63.54202347
1235	63.52555199
1236	63.50121916
1237	63.48097257
1238	63.47078385
1239	63.45796098
1240	63.43221823
1241	63.39390955
1242	63.35858803
1243	63.32373121
1244	63.29650605
1245	63.28254854
1246	63.26465364
1247	63.24333883
1248	63.19727977
1249	63.16910164
1250	63.13115222
1251	63.11206356
1252	63.0742697
1253	63.02744434
1254	63.01000039
1255	62.98737456
1256	62.96651278
1257	62.9456563
1258	62.91159658
1259	62.88533666
1260	62.84914223
1261	62.81999947
1262	62.77924007
1263	62.76873263
1264	62.74029118
1265	62.70986547
1266	62.67456276
1267	62.63560162
1268	62.59250023
1269	62.57760093
1270	62.55181063
1271	62.54320841
1272	62.51632903
1273	62.47859785
1274	62.46064024
1275	62.43351111
1276	62.41045957
1277	62.39039134
1278	62.38095616
1279	62.34500803
1280	62.31690531
1281	62.29777383
1282	62.27288838
1283	62.25027459
1284	62.22761659
1285	62.20141001
1286	62.18451545
1287	62.14475598
1288	62.10349279
1289	62.0806832
1290	62.04900108
1291	62.01271498
1292	61.9957227
1293	61.96463999
1294	61.94130444
1295	61.91641089
1296	61.90437152
1297	61.8711359
1298	61.84716293
1299	61.79270458
1300	61.76849829
1301	61.75389279
1302	61.74228602
1303	61.72084227
1304	61.69466545
1305	61.66574177
1306	61.62922547
1307	61.59789386
1308	61.57772659
1309	61.56227818
1310	61.54427253
1311	61.53499645
1312	61.51280046
1313	61.48620179
1314	61.44182021
1315	61.40431093
1316	61.38003397
1317	61.3422536
1318	61.30605076
1319	61.28964298
1320	61.25972903
1321	61.22237121
1322	61.20768056
1323	61.17698918
1324	61.15058105
1325	61.14018234
1326	61.10761883
1327	61.0827387
1328	61.05303133
1329	61.02263074
1330	60.97973291
1331	60.96502684
1332	60.93145771
1333	60.88786058
1334	60.87770695
1335	60.84325816
1336	60.817924
1337	60.79758369
1338	60.77702367
1339	60.75348486
1340	60.7332665
1341	60.72308122
1342	60.70497228
1343	60.67818571
1344	60.63908558
1345	60.60782758
1346	60.58544405
1347	60.55306154
1348	60.5284481
1349	60.51359646
1350	60.4943616
1351	60.47959
1352	60.44627449
1353	60.42955938
1354	60.41112693
1355	60.38050274
1356	60.36798387
1357	60.35161024
1358	60.33055816
1359	60.31608413
1360	60.2987768
1361	60.28651058
1362	60.2713197
1363	60.24577348
1364	60.21980095
1365	60.1765272
1366	60.15904107
1367	60.09267614
1368	60.07237667
1369	60.0524978
1370	60.03476025
1371	60.00894717
1372	59.9895454
1373	59.97566623
1374	59.95687599
1375	59.93456067
1376	59.89954279
1377	59.87431422
1378	59.85281569
1379	59.81223609
1380	59.77455656
1381	59.76203823
1382	59.74644008
1383	59.72923021
1384	59.7108816
1385	59.68392526
1386	59.64972343
1387	59.60966793
1388	59.59401397
1389	59.53646713
1390	59.49259261
1391	59.45433259
1392	59.44309717
1393	59.41810806
1394	59.39518899
1395	59.35729598
1396	59.32432227
1397	59.31370514
1398	59.28733238
1399	59.26530312
1400	59.22936573
1401	59.20558461
1402	59.19396811
1403	59.19014283
1404	59.1559812
1405	59.15265272
1406	59.12832479
1407	59.08835319
1408	59.07294192
1409	59.06335403
1410	59.02972797
1411	59.00932387
1412	58.9975976
1413	58.96945885
1414	58.9361067
1415	58.91670721
1416	58.90030722
1417	58.86100161
1418	58.8160113
1419	58.76578878
1420	58.73363235
1421	58.72285046
1422	58.70422404
1423	58.67591561
1424	58.65454643
1425	58.61984053
1426	58.59719956
1427	58.58186172
1428	58.55062533
1429	58.52220224
1430	58.49361378
1431	58.48566667
1432	58.46501955
1433	58.44060978
1434	58.41622386
1435	58.40139784
1436	58.37906516
1437	58.35290492
1438	58.32675154
1439	58.32243822
1440	58.28146494
1441	58.26963075
1442	58.22066959
1443	58.18737684
1444	58.17652453
1445	58.14739316
1446	58.12017148
1447	58.10535303
1448	58.09153035
1449	58.06530397
1450	58.05524251
1451	58.03941372
1452	58.02236698
1453	57.99551315
1454	57.96369947
1455	57.92516966
1456	57.90790059
1457	57.87854376
1458	57.86299628
1459	57.83003839
1460	57.80498608
1461	57.78723939
1462	57.75860446
1463	57.74072854
1464	57.70983734
1465	57.69312812
1466	57.66560801
1467	57.63514614
1468	57.62586698
1469	57.60793744
1470	57.58993359
1471	57.56647579
1472	57.54465048
1473	57.53185773
1474	57.49167244
1475	57.47832342
1476	57.45882265
1477	57.42094528
1478	57.40162426
1479	57.38582011
1480	57.36939073
1481	57.36464903
1482	57.34980054
1483	57.32328718
1484	57.30284705
1485	57.28310595
1486	57.25059977
1487	57.23438181
1488	57.21903954
1489	57.19336352
1490	57.17634329
1491	57.15299821
1492	57.1189557
1493	57.1020457
1494	57.0638544
1495	57.05017484
1496	57.02385025
1497	57.00900206
1498	56.97830203
1499	56.94226295
1500	56.91668894
1501	56.88269271
1502	56.8587938
1503	56.84541032
1504	56.82954983
1505	56.80875758
1506	56.79123175
1507	56.77633381
1508	56.76312848
1509	56.75031732
1510	56.73679744
1511	56.72702523
1512	56.70869174
1513	56.69088093
1514	56.67132115
1515	56.65390131
1516	56.62725375
1517	56.60131851
1518	56.58119738
1519	56.55639139
1520	56.54369703
1521	56.52898798
1522	56.49908339
1523	56.45906105
1524	56.42085502
1525	56.40580824
1526	56.39837589
1527	56.36878097
1528	56.35211546
1529	56.32542018
1530	56.31559324
1531	56.30343312
1532	56.28183941
1533	56.26480341
1534	56.24967181
1535	56.22936919
1536	56.2041502
1537	56.17739624
1538	56.15620391
1539	56.13776101
1540	56.12387906
1541	56.11462632
1542	56.09886507
1543	56.07686086
1544	56.03671404
1545	56.00729348
1546	55.98315831
1547	55.9744187
1548	55.95054277
1549	55.92959979
1550	55.89947899
1551	55.88153214
1552	55.87022397
1553	55.84138271
1554	55.79457787
1555	55.77002469
1556	55.75371907
1557	55.73711476
1558	55.71595402
1559	55.69940368
1560	55.67728802
1561	55.64472903
1562	55.63055327
1563	55.61097343
1564	55.58531688
1565	55.57169453
1566	55.55346745
1567	55.53060061
1568	55.51977159
1569	55.50827537
1570	55.48501723
1571	55.47467806
1572	55.45566274
1573	55.43326355
1574	55.41826989
1575	55.38811978
1576	55.36049863
1577	55.31738147
1578	55.29193902
1579	55.28264342
1580	55.2664379
1581	55.24794418
1582	55.21755877
1583	55.18726113
1584	55.16802438
1585	55.14618262
1586	55.13643076
1587	55.12324704
1588	55.11537046
1589	55.08572375
1590	55.07776042
1591	55.0570047
1592	55.03616275
1593	55.01874168
1594	54.97396858
1595	54.96149006
1596	54.94919416
1597	54.94067972
1598	54.93016201
1599	54.89495977
1600	54.87437019
1601	54.82930458
1602	54.81809462
1603	54.79841079
1604	54.76962903
1605	54.75955125
1606	54.71685613
1607	54.71159451
1608	54.68013144
1609	54.65786486
1610	54.65279294
1611	54.64867731
1612	54.64099922
1613	54.61268647
1614	54.59881595
1615	54.55189299
1616	54.52474562
1617	54.51536304
1618	54.49968131
1619	54.47892796
1620	54.43281602
1621	54.42282878
1622	54.4072668
1623	54.36904592
1624	54.35806498
1625	54.33966712
1626	54.33055774
1627	54.3209657
1628	54.29901583
1629	54.26936863
1630	54.22498788
1631	54.19733642
1632	54.1628999
1633	54.1366988
1634	54.12499888
1635	54.10890054
1636	54.08713366
1637	54.06086069
1638	54.01697819
1639	53.99430345
1640	53.95828699
1641	53.92599909
1642	53.87828539
1643	53.86224382
1644	53.84938374
1645	53.83638387
1646	53.80950234
1647	53.77577242
1648	53.74347481
1649	53.73290245
1650	53.7129431
1651	53.69820042
1652	53.68782197
1653	53.66454286
1654	53.64371205
1655	53.61788201
1656	53.60753415
1657	53.58565995
1658	53.57565032
1659	53.55865758
1660	53.54552763
1661	53.53531569
1662	53.52522955
1663	53.5080499
1664	53.48482058
1665	53.4612189
1666	53.43318623
1667	53.40039707
1668	53.37202478
1669	53.35434097
1670	53.34549717
1671	53.31519668
1672	53.29912528
1673	53.27143511
1674	53.25640837
1675	53.22633513
1676	53.19873911
1677	53.18597903
1678	53.17458493
1679	53.16094324
1680	53.12390106
1681	53.10914073
1682	53.0852535
1683	53.06469014
1684	53.05125836
1685	53.0375396
1686	53.01533631
1687	52.9994135
1688	52.98379461
1689	52.96215326
1690	52.94117747
1691	52.91663291
1692	52.89438803
1693	52.86766798
1694	52.83949171
1695	52.82233491
1696	52.81219346
1697	52.79999458
1698	52.78453554
1699	52.77225181
1700	52.76224574
1701	52.74001738
1702	52.71243137
1703	52.68332277
1704	52.67217502
1705	52.65004844
1706	52.62572543
1707	52.61283138
1708	52.58750229
1709	52.55962197
1710	52.54414349
1711	52.53016729
1712	52.50064969
1713	52.48904647
1714	52.48131216
1715	52.47175186
1716	52.46213025
1717	52.44315309
1718	52.4240428
1719	52.41174365
1720	52.39821955
1721	52.37947814
1722	52.36454477
1723	52.35056652
1724	52.33055187
1725	52.32398322
1726	52.31479757
1727	52.29661673
1728	52.27308756
1729	52.25608861
1730	52.2404017
1731	52.2077263
1732	52.18348993
1733	52.1693022
1734	52.14388588
1735	52.13032603
1736	52.0996548
1737	52.06910605
1738	52.05426118
1739	52.02990519
1740	51.99262283
1741	51.97752532
1742	51.96282622
1743	51.94959015
1744	51.94143383
1745	51.92895249
1746	51.91850087
1747	51.89828578
1748	51.87532607
1749	51.85886943
1750	51.84950722
1751	51.8421951
1752	51.82939363
1753	51.81558494
1754	51.79052502
1755	51.77385014
1756	51.74604338
1757	51.73602795
1758	51.72686917
1759	51.6974038
1760	51.66926112
1761	51.64115845
1762	51.63153154
1763	51.62354668
1764	51.60493267
1765	51.59634365
1766	51.58290458
1767	51.57314054
1768	51.55577396
1769	51.54579296
1770	51.53025549
1771	51.50365826
1772	51.47375569
1773	51.46305941
1774	51.43305729
1775	51.41871015
1776	51.40393878
1777	51.39352117
1778	51.37828439
1779	51.36989444
1780	51.34721669
1781	51.33934667
1782	51.32297168
1783	51.30774894
1784	51.28888485
1785	51.27722915
1786	51.25435393
1787	51.24083061
1788	51.22924417
1789	51.21315097
1790	51.18273644
1791	51.17549861
1792	51.15678081
1793	51.13374299
1794	51.10597757
1795	51.07601104
1796	51.05248933
1797	51.03007117
1798	51.01934874
1799	50.99125727
1800	50.96823811
1801	50.93861411
1802	50.91395353
1803	50.89865642
1804	50.88179011
1805	50.87333088
1806	50.84410707
1807	50.81184441
1808	50.79680292
1809	50.76753038
1810	50.75078042
1811	50.73390056
1812	50.69802637
1813	50.68403014
1814	50.66175443
1815	50.64812758
1816	50.62188797
1817	50.6151491
1818	50.58549292
1819	50.55702125
1820	50.53763844
1821	50.52887663
1822	50.50879304
1823	50.50439597
1824	50.49709962
1825	50.46803026
1826	50.46058212
1827	50.43339301
1828	50.41577039
1829	50.38322593
1830	50.36020281
1831	50.33388454
1832	50.32052671
1833	50.30259749
1834	50.28166927
1835	50.26210674
1836	50.24606684
1837	50.23280128
1838	50.21370353
1839	50.19979809
1840	50.17734347
1841	50.16379363
1842	50.15242582
1843	50.13373328
1844	50.10561535
1845	50.07157912
1846	50.05490474
1847	50.04678581
1848	50.01976279
1849	49.99583802
1850	49.98645285
1851	49.96690045
1852	49.95039577
1853	49.93995686
1854	49.92429241
1855	49.9009461
1856	49.87806884
1857	49.84797548
1858	49.83364321
1859	49.81006127
1860	49.79547997
1861	49.77833894
1862	49.76689738
1863	49.7417311
1864	49.71725646
1865	49.70832967
1866	49.69901559
1867	49.68313422
1868	49.66419357
1869	49.64687248
1870	49.64647752
1871	49.6314621
1872	49.62407009
1873	49.60406305
1874	49.5975981
1875	49.57994428
1876	49.55726887
1877	49.54713415
1878	49.52373883
1879	49.51071371
1880	49.50442097
1881	49.47746373
1882	49.45683694
1883	49.43537103
1884	49.40878067
1885	49.38275781
1886	49.35788613
1887	49.35042671
1888	49.33684624
1889	49.32640826
1890	49.31019464
1891	49.29846411
1892	49.29314054
1893	49.27844867
1894	49.27006395
1895	49.25267249
1896	49.22900131
1897	49.21016931
1898	49.18728824
1899	49.17758927
1900	49.15482128
1901	49.14661102
1902	49.13852939
1903	49.12428848
1904	49.09954254
1905	49.0640821
1906	49.04846337
1907	49.02717708
1908	49.01879288
1909	48.98579438
1910	48.97775998
1911	48.96503288
1912	48.94707129
1913	48.93602876
1914	48.91702736
1915	48.89927499
1916	48.8916918
1917	48.88343255
1918	48.85686182
1919	48.85005549
1920	48.8377022
1921	48.81626885
1922	48.80207128
1923	48.79376519
1924	48.78120246
1925	48.76378583
1926	48.73479487
1927	48.72637478
1928	48.71577971
1929	48.69660557
1930	48.678905
1931	48.65839356
1932	48.64460232
1933	48.61839375
1934	48.61051029
1935	48.57998925
1936	48.56166938
1937	48.53235181
1938	48.51838943
1939	48.49351235
1940	48.47171464
1941	48.45915871
1942	48.448995
1943	48.43153964
1944	48.41333529
1945	48.40253695
1946	48.37813435
1947	48.36440408
1948	48.35046646
1949	48.34586919
1950	48.32700758
1951	48.32049081
1952	48.30952611
1953	48.29560242
1954	48.27789696
1955	48.26664373
1956	48.2551343
1957	48.24023486
1958	48.21947872
1959	48.20731445
1960	48.1928116
1961	48.16614995
1962	48.15458224
1963	48.1450446
1964	48.1299628
1965	48.1090918
1966	48.0980646
1967	48.08600002
1968	48.06155145
1969	48.04537456
1970	48.032711
1971	48.0067729
1972	47.99074856
1973	47.97556316
1974	47.96244158
1975	47.94154497
1976	47.92406594
1977	47.90919224
1978	47.89373933
1979	47.88218577
1980	47.86590116
1981	47.84344454
1982	47.82554701
1983	47.80104394
1984	47.77257583
1985	47.75647616
1986	47.73725358
1987	47.72238743
1988	47.70555178
1989	47.68364021
1990	47.66448671
1991	47.64134206
1992	47.59977428
1993	47.59161106
1994	47.58787645
1995	47.5738294
1996	47.56185632
1997	47.55303413
1998	47.54418834
1999	47.52988203
2000	47.51906421
2001	47.50755396
2002	47.49485558
2003	47.48064222
2004	47.45952968
2005	47.44970066
2006	47.4316916
2007	47.4139574
2008	47.40264593
2009	47.37249373
2010	47.35410734
2011	47.32079706
2012	47.3142757
2013	47.29086708
2014	47.28755875
2015	47.27605513
2016	47.24650279
2017	47.23196478
2018	47.21500657
2019	47.19608956
2020	47.17853154
2021	47.16100642
2022	47.1410516
2023	47.13542156
2024	47.12502092
2025	47.10961452
2026	47.09947966
2027	47.09187872
2028	47.07958705
2029	47.05567116
2030	47.04586616
2031	47.03012523
2032	47.0041841
2033	46.99709123
2034	46.9878927
2035	46.98062039
2036	46.95468932
2037	46.93727693
2038	46.92080455
2039	46.91113721
2040	46.89277424
2041	46.88475856
2042	46.87965138
2043	46.86547024
2044	46.84582728
2045	46.83582524
2046	46.82435789
2047	46.80789368
2048	46.79424801
2049	46.78224519
2050	46.7629948
2051	46.747226
2052	46.72898413
2053	46.70374822
2054	46.6944738
2055	46.6648606
2056	46.64536369
2057	46.63199099
2058	46.61571854
2059	46.60375241
2060	46.59592232
2061	46.58162829
2062	46.56850628
2063	46.55205458
2064	46.53218285
2065	46.5188621
2066	46.49608782
2067	46.49088327
2068	46.47971814
2069	46.47223696
2070	46.45686172
2071	46.44693397
2072	46.4384686
2073	46.42307794
2074	46.4078398
2075	46.39007088
2076	46.38162081
2077	46.35636418
2078	46.34802113
2079	46.33279508
2080	46.31736476
2081	46.3039376
2082	46.28566974
2083	46.27912135
2084	46.27360521
2085	46.26150674
2086	46.24629929
2087	46.22837009
2088	46.20424068
2089	46.18800106
2090	46.16156149
2091	46.14737903
2092	46.13404934
2093	46.12721592
2094	46.11460853
2095	46.10379524
2096	46.07199541
2097	46.05966003
2098	46.04167606
2099	46.02043685
2100	46.0171363
2101	45.99402205
2102	45.97479266
2103	45.96188875
2104	45.94220518
2105	45.92516114
2106	45.90852969
2107	45.90185476
2108	45.89151774
2109	45.87105431
2110	45.85607172
2111	45.85160025
2112	45.83199004
2113	45.82328404
2114	45.80957031
2115	45.7970339
2116	45.7922537
2117	45.77987999
2118	45.76241169
2119	45.74535713
2120	45.72468112
2121	45.71132788
2122	45.69632895
2123	45.68429152
2124	45.66815814
2125	45.65796379
2126	45.65380818
2127	45.64576328
2128	45.64112899
2129	45.62645192
2130	45.61726894
2131	45.60886699
2132	45.58744919
2133	45.56101824
2134	45.54922135
2135	45.53722233
2136	45.51961196
2137	45.5097989
2138	45.50002879
2139	45.4878045
2140	45.48446416
2141	45.4693627
2142	45.45256188
2143	45.43733297
2144	45.41617538
2145	45.40961232
2146	45.39016586
2147	45.38304704
2148	45.37399406
2149	45.3568459
2150	45.34891623
2151	45.32984526
2152	45.31795624
2153	45.29204794
2154	45.28632555
2155	45.2702164
2156	45.25753062
2157	45.25263469
2158	45.2242528
2159	45.20228286
2160	45.19029253
2161	45.18445413
2162	45.1683515
2163	45.15854165
2164	45.1301954
2165	45.12308014
2166	45.11093542
2167	45.10251232
2168	45.07836467
2169	45.07261148
2170	45.05357806
2171	45.04305272
2172	45.03267132
2173	45.02043049
2174	44.99398887
2175	44.98684174
2176	44.97872441
2177	44.97172838
2178	44.95336358
2179	44.94049661
2180	44.91376661
2181	44.90565914
2182	44.89597257
2183	44.87875621
2184	44.85926163
2185	44.84214998
2186	44.82704927
2187	44.81100443
2188	44.8008996
2189	44.79009784
2190	44.76480952
2191	44.73279087
2192	44.72545795
2193	44.71652154
2194	44.70354064
2195	44.68784681
2196	44.67237316
2197	44.66718169
2198	44.65291741
2199	44.64595531
2200	44.63171725
2201	44.61972657
2202	44.59385695
2203	44.58627064
2204	44.57313949
2205	44.56593068
2206	44.5409721
2207	44.53066597
2208	44.52109113
2209	44.49951211
2210	44.48963925
2211	44.47192807
2212	44.46104212
2213	44.45659928
2214	44.4505465
2215	44.4424181
2216	44.41538679
2217	44.40677261
2218	44.38620414
2219	44.37445714
2220	44.35933422
2221	44.35277013
2222	44.348196
2223	44.33204105
2224	44.32107975
2225	44.31568971
2226	44.30280302
2227	44.29129342
2228	44.28192899
2229	44.27112939
2230	44.2458724
2231	44.23640731
2232	44.2311596
2233	44.19810994
2234	44.18583239
2235	44.1766882
2236	44.16796969
2237	44.15583661
2238	44.14150529
2239	44.1243315
2240	44.10815838
2241	44.09606195
2242	44.08236377
2243	44.05547761
2244	44.04277347
2245	44.03346194
2246	44.02546203
2247	44.01159822
2248	43.99582857
2249	43.97876191
2250	43.96274977
2251	43.95232317
2252	43.94263044
2253	43.92174243
2254	43.90521975
2255	43.89773493
2256	43.88078562
2257	43.87383756
2258	43.861535
2259	43.85090011
2260	43.8317193
2261	43.81587462
2262	43.80706946
2263	43.79899059
2264	43.79084656
2265	43.77743066
2266	43.77065188
2267	43.75539626
2268	43.73965117
2269	43.72996798
2270	43.72340018
2271	43.71600245
2272	43.71048004
2273	43.6870362
2274	43.68160714
2275	43.66798732
2276	43.65931633
2277	43.64689368
2278	43.63560538
2279	43.62405915
2280	43.61140759
2281	43.59334118
2282	43.57957824
2283	43.57046086
2284	43.55838209
2285	43.53881882
2286	43.52612366
2287	43.51234295
2288	43.48364642
2289	43.47760616
2290	43.46885487
2291	43.45312936
2292	43.44243761
2293	43.43348999
2294	43.4167893
2295	43.39853605
2296	43.38277561
2297	43.36452128
2298	43.34210318
2299	43.33381473
2300	43.32604585
2301	43.30666047
2302	43.29992963
2303	43.2919458
2304	43.28193074
2305	43.26727746
2306	43.26229743
2307	43.24589647
2308	43.22915713
2309	43.21385878
2310	43.19642673
2311	43.18512226
2312	43.17419775
2313	43.16776604
2314	43.16338472
2315	43.16037955
2316	43.15500931
2317	43.13362955
2318	43.12206483
2319	43.11208036
2320	43.09609746
2321	43.08359766
2322	43.06618973
2323	43.06120377
2324	43.05516871
2325	43.04551887
2326	43.02635926
2327	43.01868997
2328	43.01209491
2329	42.99813303
2330	42.99262575
2331	42.98293406
2332	42.9707069
2333	42.94349442
2334	42.93788966
2335	42.92646579
2336	42.90231212
2337	42.88032246
2338	42.86871576
2339	42.86030597
2340	42.85176258
2341	42.83113581
2342	42.81367815
2343	42.79295647
2344	42.76964859
2345	42.760596
2346	42.74671686
2347	42.72729062
2348	42.71900395
2349	42.71174739
2350	42.703606
2351	42.69629258
2352	42.68882998
2353	42.67054897
2354	42.65740837
2355	42.64146672
2356	42.63140931
2357	42.62078239
2358	42.61237023
2359	42.60274631
2360	42.59618896
2361	42.5896743
2362	42.57673908
2363	42.55028982
2364	42.53796064
2365	42.51784022
2366	42.51208218
2367	42.50007327
2368	42.48652674
2369	42.4805622
2370	42.47066262
2371	42.45518287
2372	42.44143761
2373	42.42657475
2374	42.41739169
2375	42.41158126
2376	42.40020825
2377	42.39250804
2378	42.37261694
2379	42.36943398
2380	42.36390221
2381	42.3521366
2382	42.34579036
2383	42.3414657
2384	42.32438454
2385	42.30841902
2386	42.29457081
2387	42.27818144
2388	42.27058141
2389	42.26436948
2390	42.25857693
2391	42.23464513
2392	42.21888519
2393	42.20725693
2394	42.20327424
2395	42.19289458
2396	42.18724247
2397	42.18026134
2398	42.16550543
2399	42.15976445
2400	42.1508628
2401	42.13600385
2402	42.11520965
2403	42.11167925
2404	42.10381411
2405	42.0938506
2406	42.0832113
2407	42.07306595
2408	42.05332493
2409	42.03264171
2410	42.02974109
2411	42.02094582
2412	42.01710907
2413	42.00030885
2414	41.97938435
2415	41.97137505
2416	41.96157427
2417	41.94270448
2418	41.93330386
2419	41.92102149
2420	41.90164951
2421	41.89371891
2422	41.88044118
2423	41.8649608
2424	41.85026763
2425	41.83889454
2426	41.82846949
2427	41.8209276
2428	41.80919683
2429	41.80069997
2430	41.79557989
2431	41.78688017
2432	41.76231339
2433	41.7495484
2434	41.74191411
2435	41.72639237
2436	41.71734044
2437	41.70690994
2438	41.69924586
2439	41.68549102
2440	41.67752759
2441	41.66305188
2442	41.65712166
2443	41.64064554
2444	41.63686966
2445	41.62857156
2446	41.62145622
2447	41.61212403
2448	41.60418668
2449	41.58593801
2450	41.57648151
2451	41.55561969
2452	41.54728269
2453	41.5410699
2454	41.53307288
2455	41.52080625
2456	41.50540419
2457	41.50202916
2458	41.49393151
2459	41.48597507
2460	41.47931091
2461	41.46987652
2462	41.46384993
2463	41.45033566
2464	41.44350942
2465	41.43182721
2466	41.42473668
2467	41.41495002
2468	41.41180269
2469	41.38576279
2470	41.38152609
2471	41.36116589
2472	41.34753222
2473	41.34123237
2474	41.33019749
2475	41.32574465
2476	41.32223632
2477	41.31464408
2478	41.30647276
2479	41.28517224
2480	41.28127109
2481	41.25441548
2482	41.23612573
2483	41.21886794
2484	41.20541866
2485	41.19833668
2486	41.18886733
2487	41.17366212
2488	41.16199384
2489	41.14384577
2490	41.13034666
2491	41.12429127
2492	41.10613475
2493	41.0844933
2494	41.07980564
2495	41.06265999
2496	41.03772736
2497	41.02333349
2498	41.00063725
2499	40.98464437
2500	40.97628801
2501	40.96942814
2502	40.94676417
2503	40.92731512
2504	40.90960039
2505	40.8929499
2506	40.87901413
2507	40.8699698
2508	40.86039265
2509	40.84292433
2510	40.83484986
2511	40.826215
2512	40.82256119
2513	40.80194864
2514	40.79633481
2515	40.78781085
2516	40.77693355
2517	40.75801585
2518	40.74428013
2519	40.73474089
2520	40.72908036
2521	40.71765794
2522	40.70459421
2523	40.67873812
2524	40.66882201
2525	40.65756782
2526	40.65039997
2527	40.6367901
2528	40.6242527
2529	40.60224099
2530	40.58461892
2531	40.57673788
2532	40.5684202
2533	40.55004719
2534	40.54347909
2535	40.53538281
2536	40.52245562
2537	40.51464515
2538	40.50750032
2539	40.49435684
2540	40.48544181
2541	40.47697899
2542	40.4684416
2543	40.45028496
2544	40.42878005
2545	40.41552615
2546	40.39725593
2547	40.37795557
2548	40.36195208
2549	40.3444248
2550	40.3267339
2551	40.31645718
2552	40.3050912
2553	40.30005446
2554	40.29128152
2555	40.27714195
2556	40.24870172
2557	40.23186936
2558	40.22297702
2559	40.21461748
2560	40.19659113
2561	40.19350138
2562	40.18819783
2563	40.1680148
2564	40.1534319
2565	40.14008931
2566	40.12560918
2567	40.10478774
2568	40.0977933
2569	40.09060706
2570	40.07859545
2571	40.07219147
2572	40.06715647
2573	40.05803882
2574	40.05705897
2575	40.04182733
2576	40.02865163
2577	40.01607062
2578	40.00693186
2579	39.99036454
2580	39.97893545
2581	39.97412427
2582	39.97141851
2583	39.96689935
2584	39.95765694
2585	39.94555398
2586	39.93956456
2587	39.91910358
2588	39.91147414
2589	39.90436879
2590	39.89343045
2591	39.87761941
2592	39.87095204
2593	39.85806338
2594	39.85008234
2595	39.83570889
2596	39.82735225
2597	39.82049292
2598	39.8132387
2599	39.80449344
2600	39.80114526
2601	39.78672758
2602	39.77775749
2603	39.76318996
2604	39.75698914
2605	39.74636909
2606	39.72961411
2607	39.72125714
2608	39.71466242
2609	39.7065701
2610	39.68658359
2611	39.67502157
2612	39.66237827
2613	39.65263571
2614	39.64240834
2615	39.6254982
2616	39.61754193
2617	39.61162988
2618	39.59725286
2619	39.58929723
2620	39.57522228
2621	39.56527325
2622	39.55278168
2623	39.54670142
2624	39.53888936
2625	39.53241685
2626	39.52300151
2627	39.51780634
2628	39.50355638
2629	39.49389716
2630	39.48415174
2631	39.48059464
2632	39.45610896
2633	39.43426581
2634	39.42618332
2635	39.41899943
2636	39.41222235
2637	39.40281546
2638	39.3865979
2639	39.37587227
2640	39.36763449
2641	39.35577481
2642	39.3489105
2643	39.34396778
2644	39.33018708
2645	39.32568642
2646	39.31173822
2647	39.29997707
2648	39.29351887
2649	39.27898371
2650	39.27278319
2651	39.24893813
2652	39.24240593
2653	39.23569155
2654	39.22751235
2655	39.22235181
2656	39.21324473
2657	39.20389266
2658	39.1901768
2659	39.18042707
2660	39.17333971
2661	39.15866731
2662	39.15502394
2663	39.14328154
2664	39.12531639
2665	39.11039069
2666	39.10042946
2667	39.08658707
2668	39.0762964
2669	39.05888943
2670	39.04837707
2671	39.03592011
2672	39.02298752
2673	39.01304735
2674	39.01018703
2675	39.00474376
2676	38.99253604
2677	38.97818627
2678	38.96721039
2679	38.95135932
2680	38.94803338
2681	38.9256014
2682	38.91868908
2683	38.91070799
2684	38.9075785
2685	38.8950616
2686	38.89052382
2687	38.88655611
2688	38.88128491
2689	38.87391475
2690	38.86351158
2691	38.85429209
2692	38.84529066
2693	38.83932857
2694	38.8334984
2695	38.82086788
2696	38.81514057
2697	38.79610905
2698	38.78165777
2699	38.77503058
2700	38.75666847
2701	38.75051037
2702	38.73183026
2703	38.72424961
2704	38.71986091
2705	38.70724178
2706	38.7000546
2707	38.69245413
2708	38.68448248
2709	38.67457328
2710	38.66953796
2711	38.65600207
2712	38.65010882
2713	38.64634203
2714	38.63524428
2715	38.62796777
2716	38.62079066
2717	38.60574109
2718	38.60260987
2719	38.59143357
2720	38.57318047
2721	38.55809391
2722	38.54772014
2723	38.53357399
2724	38.52098165
2725	38.50676276
2726	38.49999169
2727	38.49616558
2728	38.4861017
2729	38.47860767
2730	38.4687301
2731	38.4653715
2732	38.45983506
2733	38.45704534
2734	38.44813365
2735	38.42954145
2736	38.41914033
2737	38.41366534
2738	38.40013906
2739	38.39006798
2740	38.37607129
2741	38.3634246
2742	38.35520378
2743	38.34706727
2744	38.33859697
2745	38.32458479
2746	38.31527917
2747	38.29385134
2748	38.2865616
2749	38.27798211
2750	38.27003718
2751	38.25315723
2752	38.24546183
2753	38.24217617
2754	38.22996063
2755	38.22109885
2756	38.21246502
2757	38.20040213
2758	38.19052642
2759	38.17894639
2760	38.16865765
2761	38.1571313
2762	38.14019991
2763	38.13268875
2764	38.10742996
2765	38.10048625
2766	38.09170515
2767	38.08779314
2768	38.07381737
2769	38.06120284
2770	38.05169718
2771	38.04936985
2772	38.03774242
2773	38.03445438
2774	38.02903254
2775	38.02015808
2776	38.01304268
2777	38.00366797
2778	37.99522217
2779	37.98881861
2780	37.9778702
2781	37.9619787
2782	37.95107737
2783	37.94133215
2784	37.93357715
2785	37.92389211
2786	37.90609586
2787	37.89419255
2788	37.88231437
2789	37.86317553
2790	37.85005886
2791	37.84755814
2792	37.83320805
2793	37.82357985
2794	37.81152936
2795	37.80213139
2796	37.79348832
2797	37.78658879
2798	37.7813711
2799	37.76698229
2800	37.75655873
2801	37.75254769
2802	37.74575736
2803	37.73492613
2804	37.72936932
2805	37.70578919
2806	37.69886724
2807	37.69126565
2808	37.68616126
2809	37.68061847
2810	37.66321672
2811	37.65025201
2812	37.63516479
2813	37.62725495
2814	37.61649942
2815	37.59898517
2816	37.59280935
2817	37.59003355
2818	37.57758161
2819	37.57048283
2820	37.56246698
2821	37.55364045
2822	37.54187024
2823	37.53081073
2824	37.51668353
2825	37.50927672
2826	37.50399559
2827	37.49869588
2828	37.48657942
2829	37.47466888
2830	37.46948385
2831	37.45779652
2832	37.45478694
2833	37.43134353
2834	37.42014133
2835	37.41701366
2836	37.40911681
2837	37.40227492
2838	37.38817203
2839	37.37924335
2840	37.36776409
2841	37.36101435
2842	37.34699087
2843	37.33142517
2844	37.32170593
2845	37.30614117
2846	37.29861288
2847	37.2895945
2848	37.27996618
2849	37.26392588
2850	37.24974033
2851	37.24141863
2852	37.2393807
2853	37.22656615
2854	37.22487804
2855	37.21707029
2856	37.20574644
2857	37.18808917
2858	37.18066135
2859	37.1594872
2860	37.15131077
2861	37.14171688
2862	37.13709646
2863	37.13524072
2864	37.13158354
2865	37.12986729
2866	37.11767
2867	37.11041443
2868	37.0957574
2869	37.08686494
2870	37.08281329
2871	37.0790351
2872	37.06570363
2873	37.06260674
2874	37.05571159
2875	37.04946364
2876	37.03379907
2877	37.02556825
2878	37.01300567
2879	37.00732558
2880	36.99701817
2881	36.98372327
2882	36.97749316
2883	36.96809863
2884	36.95633915
2885	36.95297476
2886	36.95022442
2887	36.94069648
2888	36.93505575
2889	36.92646507
2890	36.92390273
2891	36.91209608
2892	36.90500982
2893	36.8984786
2894	36.88726175
2895	36.87039703
2896	36.86237367
2897	36.86065873
2898	36.85667391
2899	36.8431939
2900	36.83448977
2901	36.81942517
2902	36.81160237
2903	36.80831732
2904	36.79151139
2905	36.78481141
2906	36.77731735
2907	36.76967234
2908	36.76362914
2909	36.75793938
2910	36.75063881
2911	36.74683338
2912	36.73778328
2913	36.72979824
2914	36.71356545
2915	36.698897
2916	36.67586527
2917	36.6682885
2918	36.66084482
2919	36.65257188
2920	36.64739645
2921	36.63955669
2922	36.62508746
2923	36.60831875
2924	36.5948243
2925	36.57729632
2926	36.56896673
2927	36.56419775
2928	36.55221285
2929	36.54609804
2930	36.53890705
2931	36.5289809
2932	36.5165249
2933	36.51204495
2934	36.49775733
2935	36.48383043
2936	36.46891724
2937	36.46047401
2938	36.44597937
2939	36.42950865
2940	36.42323494
2941	36.41884065
2942	36.40451525
2943	36.39913221
2944	36.39158747
2945	36.38250726
2946	36.37174074
2947	36.36073706
2948	36.3501116
2949	36.33183272
2950	36.32625472
2951	36.3181241
2952	36.31124366
2953	36.30679826
2954	36.30006315
2955	36.29321718
2956	36.28871917
2957	36.28475252
2958	36.2772616
2959	36.27338015
2960	36.25783993
2961	36.25464869
2962	36.2485654
2963	36.24558478
2964	36.23723971
2965	36.23410563
2966	36.22116019
2967	36.21397741
2968	36.20585247
2969	36.20088826
2970	36.18552299
2971	36.18060326
2972	36.16555238
2973	36.16053131
2974	36.15142557
2975	36.14232565
2976	36.13087672
2977	36.12429608
2978	36.11982411
2979	36.10849484
2980	36.09768442
2981	36.08136041
2982	36.06962065
2983	36.06290718
2984	36.05745776
2985	36.04672061
2986	36.0389366
2987	36.03292521
2988	36.0258216
2989	36.00643364
2990	35.99838952
2991	35.99711677
2992	35.99331912
2993	35.97975299
2994	35.9718796
2995	35.9674881
2996	35.956039
2997	35.9522595
2998	35.94818763
2999	35.94162248
9	36.15269353
