iter	Passed	Remaining
0	451	1354049
1	799	1197928
2	1073	1072373	3	1390	104124	14	1688	10115	195	2088	1046	2376	2419	1037	2677	2784	1048	3028	3096	1029	3369	3447	10310	3710	3807	10311	4011	4148	10112	4312	4526	11313	4613	4828	1414	50014	50831515	531815	5391616	5611	16	5617	5926	9817	5918	6203	9718	6319	6581	9819	6620	6965	9820	7021	7246	9821	7322	7458	9622	7623	7788	9623	7924	8073	9624	8225	8404	9625	8526	8755	9626	8827	9131	9627	9128	9568	980276
29	9875	977626
30	10188	975791
31	10474	971549
32	10855	975990
33	11155	973115
34	11525	976381
35	11801	971629
36	12102	969164
37	12448	970339
38	12745	967674
39	13040	965002
40	13328	961900
41	13640	960680
42	13969	960645
43	14297	960555
44	14629	960668
45	14913	957695
46	15165	952834
47	15481	952112
48	15770	949757
49	16128	951594
50	16451	951266
51	16782	951423
52	17057	948446
53	17350	946544
54	17642	944692
55	18026	947699
56	18381	949075
57	18687	947913
58	18953	944760
59	19275	944475
60	19616	945141
61	19937	944777
62	20284	945626
63	20584	944322
64	20859	941876
65	21123	939016
66	21455	939237
67	21775	938891
68	22117	939512
69	22448	939642
70	22787	940077
71	23082	938700
72	23426	939293
73	23721	937964
74	24020	936794
75	24366	937452
76	24709	938012
77	25044	938210
78	25363	937819
79	25698	938005
80	26064	939299
81	26373	938516
82	26713	938851
83	27083	940178
84	27508	943366
85	27819	942623
86	28143	942306
87	28444	941270
88	28784	941489
89	29061	939657
90	29329	937574
91	29680	938156
92	29970	936812
93	30286	936311
94	30591	935466
95	30857	933454
96	31155	932410
97	31449	931286
98	31840	933035
99	32214	934208
100	32559	934560
101	32853	933425
102	33147	932317
103	33443	931279
104	33730	930005
105	34016	928717
106	34374	929401
107	34654	927969
108	34958	927210
109	35261	926405
110	35582	926115
111	35880	925211
112	36195	924740
113	36563	925634
114	37050	929480
115	37402	929914
116	37767	930637
117	38209	933221
118	38655	935851
119	39148	939553
120	39537	940732
121	39951	942459
122	40375	944382
123	40761	945396
124	41038	943889
125	41420	944775
126	41767	944859
127	42125	945197
128	42499	945870
129	42952	948267
130	43316	948660
131	43635	948071
132	43973	947919
133	44317	947870
134	44741	949508
135	45152	950859
136	45478	950402
137	45855	950998
138	46220	951343
139	46622	952431
140	46948	951959
141	47309	952187
142	47651	952021
143	48069	953373
144	48407	953133
145	48750	952963
146	49116	953263
147	49405	952060
148	49715	951268
149	50025	950479
150	50332	949644
151	50713	950219
152	51075	950398
153	51410	950086
154	51814	951039
155	52461	956405
156	52869	957383
157	53252	957869
158	53565	957105
159	53873	956257
160	54228	956233
161	54567	955935
162	55011	957476
163	55313	956519
164	55607	955446
165	55962	955409
166	56381	956466
167	56736	956407
168	57110	956685
169	57500	957206
170	57831	956761
171	58282	958269
172	58740	959887
173	59171	961028
174	59519	960811
175	59845	960241
176	60198	960120
177	60611	960935
178	60963	960769
179	61366	961406
180	61753	961779
181	62167	962565
182	62540	962718
183	62871	962199
184	63232	962154
185	63631	962680
186	64018	963018
187	64341	962389
188	64737	962838
189	65117	963058
190	65409	961965
191	65737	961413
192	66042	960523
193	66351	959707
194	66608	958141
195	66942	957691
196	67254	956925
197	67692	957955
198	68092	958430
199	68456	958385
200	68792	957967
201	69095	957069
202	69528	957980
203	69817	956903
204	70168	956690
205	70510	956337
206	70820	955557
207	71099	954378
208	71448	954128
209	71817	954147
210	72140	953548
211	72467	953013
212	72866	953422
213	73187	952800
214	73518	952318
215	73801	951220
216	74109	950451
217	74420	949716
218	74722	948868
219	74985	947543
220	75281	946636
221	75581	945788
222	75917	945394
223	76259	945074
224	76701	945979
225	77429	950391
226	77915	951803
227	78360	952700
228	78798	953493
229	79287	954897
230	79686	955199
231	80143	956197
232	80611	957309
233	81019	957686
234	81486	958764
235	81924	959487
236	82391	960537
237	82902	962084
238	83363	963040
239	83927	965170
240	84559	968043
241	85024	968992
242	85530	970398
243	86047	971909
244	86475	972403
245	87115	975271
246	87615	976541
247	88134	978014
248	88643	979346
249	89035	979390
250	89647	981838
251	90152	983087
252	90518	982822
253	90850	982185
254	91175	981477
255	91511	980891
256	91821	980028
257	92134	979200
258	92402	977901
259	92719	977125
260	93059	976590
261	93432	976407
262	93730	975433
263	94112	975342
264	94381	974092
265	94670	973039
266	94983	972251
267	95311	971610
268	95619	970773
269	95891	969567
270	96189	968640
271	96540	968246
272	96869	967633
273	97165	966687
274	97448	965625
275	97729	964549
276	98033	963699
277	98346	962942
278	98717	962763
279	99016	961871
280	99403	961846
281	99823	962128
282	100169	961702
283	100524	961352
284	100790	960163
285	101155	959919
286	101491	959398
287	101841	959010
288	102154	958271
289	102541	958234
290	102813	957122
291	103110	956247
292	103518	956393
293	103812	955494
294	104185	955323
295	104511	954722
296	104806	953848
297	105122	953158
298	105491	952955
299	105820	952383
300	106135	951689
301	106464	951127
302	106773	950388
303	107126	950043
304	107421	949179
305	107746	948595
306	108088	948154
307	108342	946938
308	108629	946021
309	108872	944730
310	109182	944024
311	109534	943677
312	109853	943056
313	110171	942419
314	110426	941255
315	110730	940511
316	111063	940013
317	111346	939094
318	111661	938444
319	111998	937987
320	112255	936862
321	112543	935995
322	112852	935316
323	113195	934907
324	113475	933990
325	113757	933089
326	114059	932354
327	114358	931606
328	114692	931139
329	114988	930364
330	115401	930530
331	115721	929953
332	116028	929270
333	116312	928408
334	116592	927521
335	116941	927178
336	117325	927111
337	117640	926507
338	118002	926264
339	118322	925699
340	118656	925242
341	118999	924853
342	119329	924367
343	119658	923876
344	119986	923374
345	120221	922161
346	120549	921664
347	120878	921179
348	121223	920813
349	121486	919827
350	121786	919122
351	122071	918309
352	122451	918215
353	122794	917838
354	123145	917522
355	123537	917508
356	123950	917649
357	124287	917230
358	124617	916757
359	124978	916512
360	125290	915902
361	125676	915843
362	126014	915428
363	126264	914377
364	126597	913932
365	126869	913043
366	127188	912500
367	127451	911552
368	127793	911180
369	128087	910460
370	128459	910296
371	128815	910017
372	129090	909169
373	129410	908641
374	129685	907796
375	129978	907080
376	130315	906680
377	130579	905768
378	130940	905524
379	131285	905180
380	131624	904788
381	131986	904553
382	132383	904562
383	132717	904137
384	133082	903923
385	133364	903149
386	133748	903058
387	133981	901961
388	134373	901924
389	134739	901719
390	135073	901294
391	135472	901306
392	135805	900880
393	136126	900366
394	136371	899359
395	136693	898865
396	137037	898510
397	137443	898561
398	137807	898338
399	138135	897879
400	138486	897568
401	138790	896958
402	139159	896767
403	139542	896662
404	139868	896193
405	140187	895681
406	140563	895532
407	140873	894960
408	141207	894545
409	141563	894264
410	141927	894042
411	142290	893805
412	142590	893175
413	142878	892472
414	143214	892068
415	143517	891465
416	143827	890900
417	144133	890315
418	144445	889771
419	144720	888996
420	145079	888739
421	145375	888098
422	145747	887920
423	146108	887676
424	146369	886824
425	146676	886257
426	146981	885676
427	147294	885143
428	147645	884841
429	147936	884179
430	148348	884237
431	148655	883673
432	149010	883395
433	149385	883231
434	149804	883330
435	150052	882419
436	150382	881988
437	150723	881630
438	151077	881342
439	151371	880706
440	151715	880362
441	152125	880401
442	152480	880119
443	152809	879685
444	153180	879497
445	153487	878940
446	153810	878476
447	154187	878320
448	154510	877852
449	154874	877622
450	155216	877268
451	155602	877159
452	155978	876994
453	156272	876363
454	156637	876136
455	156952	875630
456	157284	875220
457	157660	875051
458	158029	874842
459	158327	874242
460	158652	873792
461	158974	873328
462	159372	873280
463	159734	873031
464	160135	872996
465	160508	872809
466	160963	873064
467	161290	872620
468	161629	872247
469	161992	871999
470	162331	871627
471	162609	870925
472	162988	870765
473	163270	870086
474	163659	869979
475	164060	869932
476	164450	869829
477	164812	869575
478	165178	869341
479	165548	869129
480	165978	869231
481	166304	868783
482	166674	868572
483	167107	868683
484	167442	868284
485	167775	867876
486	168088	867363
487	168437	867038
488	168833	866956
489	169189	866663
490	169600	866653
491	169886	866006
492	170272	865867
493	170647	865673
494	171026	865496
495	171458	865586
496	171718	864810
497	172058	864439
498	172383	863990
499	172814	864073
500	173112	863491
501	173581	863756
502	173966	863608
503	174316	863279
504	174697	863107
505	175014	862621
506	175365	862300
507	175759	862191
508	176104	861839
509	176426	861375
510	176833	861329
511	177245	861302
512	177665	861315
513	178022	861019
514	178414	860893
515	178781	860644
516	179173	860516
517	179591	860511
518	180041	860661
519	180340	860085
520	180756	860065
521	181156	859974
522	181452	859382
523	181910	859560
524	182274	859293
525	182652	859091
526	183066	859055
527	183445	858860
528	183824	858659
529	184205	858467
530	184545	858082
531	184924	857881
532	185301	857669
533	185680	857468
534	186144	857654
535	186553	857588
536	186936	857399
537	187298	857118
538	187754	857260
539	188100	856900
540	188498	856779
541	188879	856580
542	189292	856522
543	189661	856267
544	190054	856117
545	190531	856345
546	190948	856302
547	191343	856156
548	191722	855941
549	192066	855570
550	192449	855368
551	192870	855338
552	193229	855032
553	193618	854855
554	193973	854533
555	194404	854538
556	194806	854418
557	195189	854217
558	195683	854497
559	196140	854612
560	196571	854611
561	196983	854530
562	197360	854294
563	197816	854401
564	198221	854281
565	198635	854201
566	199086	854282
567	199447	853973
568	199873	853941
569	200234	853629
570	200594	853316
571	200970	853072
572	201377	852955
573	201829	853028
574	202341	853352
575	202778	853358
576	203500	854562
577	203925	854513
578	204328	854367
579	204768	854378
580	205233	854492
581	205696	854596
582	206190	854824
583	206644	854886
584	207142	855125
585	207571	855081
586	207988	854986
587	208409	854903
588	208845	854884
589	209249	854729
590	209693	854739
591	210150	854802
592	210528	854540
593	210933	854388
594	211357	854309
595	211817	854378
596	212394	854916
597	212697	854345
598	213141	854345
599	213589	854359
600	213951	854027
601	214360	853881
602	214834	853992
603	215319	854147
604	215827	854391
605	216200	854098
606	216670	854190
607	217260	854747
608	217696	854699
609	218117	854592
610	218514	854386
611	218914	854195
612	219351	854144
613	219787	854092
614	220226	854049
615	220694	854115
616	221143	854110
617	221503	853755
618	221931	853666
619	222324	853439
620	222665	853011
621	223177	853241
622	223618	853197
623	224146	853482
624	224415	852777
625	224906	852920
626	225258	852531
627	225633	852234
628	226110	852318
629	226504	852089
630	226929	851975
631	227358	851874
632	227804	851839
633	228226	851709
634	228663	851638
635	229070	851449
636	229503	851360
637	229894	851115
638	230326	851017
639	230738	850847
640	231120	850567
641	231542	850433
642	231994	850404
643	232427	850310
644	232831	850106
645	233308	850165
646	233803	850294
647	234331	850537
648	234702	850207
649	235168	850226
650	235669	850365
651	236352	851159
652	236899	851458
653	237355	851431
654	237826	851454
655	238295	851470
656	238773	851517
657	239285	851682
658	239717	851561
659	240233	851736
660	240690	851701
661	241194	851830
662	241606	851635
663	242158	851930
664	242708	852216
665	243244	852451
666	243726	852495
667	244222	852586
668	244674	852520
669	245137	852493
670	245663	852682
671	246287	853210
672	246772	853252
673	247226	853188
674	247629	852945
675	248137	853064
676	248588	852984
677	249122	853188
678	249565	853081
679	250064	853162
680	250575	853282
681	251120	853516
682	251614	853573
683	252280	854213
684	252659	853879
685	253161	853958
686	253664	854042
687	254137	854018
688	254632	854071
689	255020	853762
690	255447	853587
691	256296	854814
692	257259	856419
693	257616	856000
694	258014	855718
695	258391	855363
696	258735	854905
697	259208	854866
698	259710	854927
699	260163	854823
700	260582	854606
701	260984	854332
702	261368	854001
703	261712	853540
704	262012	852935
705	262434	852727
706	262824	852413
707	263214	852102
708	263573	851687
709	263908	851199
710	264316	850942
711	264685	850561
712	265066	850219
713	265432	849829
714	265784	849395
715	266137	848963
716	266489	848528
717	266871	848190
718	267227	847768
719	267549	847238
720	267903	846814
721	268256	846383
722	268502	845616
723	268838	845132
724	269197	844721
725	269566	844344
726	269931	843952
727	270298	843569
728	270620	843043
729	270993	842676
730	271387	842378
731	271777	842063
732	272143	841675
733	272501	841264
734	272988	841250
735	273365	840895
736	273716	840463
737	274066	840024
738	274425	839615
739	274771	839165
740	275172	838886
741	275523	838453
742	275893	838078
743	276215	837556
744	276627	837307
745	276982	836889
746	277324	836429
747	277668	835975
748	278051	835638
749	278405	835216
750	278793	834895
751	279169	834537
752	279524	834119
753	279905	833775
754	280340	833594
755	280699	833188
756	281072	832821
757	281441	832444
758	281815	832078
759	282268	831949
760	282643	831588
761	283017	831226
762	283371	830802
763	283695	830291
764	284027	829806
765	284418	829492
766	284809	829178
767	285171	828778
768	285488	828250
769	285911	828028
770	286235	827522
771	286641	827251
772	287031	826932
773	287422	826618
774	287756	826138
775	288117	825739
776	288526	825475
777	288911	825144
778	289237	824643
779	289629	824329
780	290081	824188
781	290491	823925
782	290832	823469
783	291219	823141
784	291579	822736
785	291983	822456
786	292436	822314
787	292789	821892
788	293180	821574
789	293583	821289
790	293971	820965
791	294384	820709
792	294735	820278
793	295109	819914
794	295546	819722
795	296016	819623
796	296447	819414
797	296894	819249
798	297277	818907
799	297644	818522
800	298021	818164
801	298456	817964
802	298854	817661
803	299357	817648
804	299760	817359
805	300228	817246
806	300727	817217
807	301153	816990
808	301568	816733
809	301960	816411
810	302397	816212
811	302818	815969
812	303271	815810
813	303834	815949
814	304338	815926
815	304840	815895
816	305254	815630
817	305677	815389
818	306075	815080
819	306462	814742
820	306905	814553
821	307359	814391
822	307885	814417
823	308359	814308
824	308880	814320
825	309388	814299
826	309922	814342
827	310487	814466
828	310937	814287
829	311387	814110
830	311875	814029
831	312305	813797
832	312762	813632
833	313259	813572
834	313724	813430
835	314152	813190
836	314528	812812
837	314875	812364
838	315378	812316
839	315799	812056
840	316134	811575
841	316527	811242
842	316965	811025
843	317405	810813
844	317864	810647
845	318362	810583
846	318809	810385
847	319189	810019
848	319505	809488
849	319875	809097
850	320351	808972
851	320821	808832
852	321164	808371
853	321454	807776
854	321883	807532
855	322423	807564
856	322902	807443
857	323359	807269
858	323759	806948
859	324155	806619
860	324715	806696
861	325189	806561
862	325624	806326
863	326012	805976
864	326424	805684
865	326853	805434
866	327316	805267
867	327674	804841
868	328170	804754
869	328675	804687
870	329200	804670
871	329588	804316
872	329938	803869
873	330338	803546
874	330812	803401
875	331293	803273
876	331759	803107
877	332178	802826
878	332628	802621
879	333186	802676
880	333700	802622
881	334239	802629
882	334734	802528
883	335063	802030
884	335383	801509
885	335840	801316
886	336333	801208
887	336871	801208
888	337336	801032
889	337918	801132
890	338467	801153
891	338838	800752
892	339296	800557
893	339644	800102
894	340208	800155
895	340673	799974
896	341121	799753
897	341562	799514
898	342059	799405
899	342512	799195
900	343039	799156
901	343585	799160
902	344098	799084
903	344572	798921
904	344940	798508
905	345432	798382
906	345921	798251
907	346466	798247
908	347015	798249
909	347497	798098
910	348062	798136
911	348562	798024
912	349079	797951
913	349590	797862
914	350124	797824
915	350690	797859
916	351097	797531
917	351484	797157
918	351984	797041
919	352531	797028
920	353076	797009
921	353647	797049
922	354138	796908
923	354655	796823
924	355128	796638
925	355495	796217
926	355991	796085
927	356561	796115
928	357129	796141
929	357663	796090
930	358229	796108
931	358784	796101
932	359253	795902
933	359812	795903
934	360330	795809
935	360831	795679
936	361307	795494
937	361636	794983
938	362062	794687
939	362615	794667
940	363111	794524
941	363710	794602
942	364270	794596
943	364823	794573
944	365350	794491
945	365807	794258
946	366147	793771
947	366598	793522
948	367114	793416
949	367664	793382
950	368170	793251
951	368648	793058
952	369112	792836
953	369484	792415
954	369990	792282
955	370517	792193
956	371121	792269
957	371622	792122
958	372076	791874
959	372561	791692
960	373009	791431
961	373621	791517
962	374085	791289
963	374539	791040
964	375101	791017
965	375635	790933
966	376146	790802
967	376716	790794
968	377252	790711
969	377849	790757
970	378458	790825
971	378994	790741
972	379572	790743
973	380133	790709
974	380744	790776
975	381390	790917
976	381908	790789
977	382401	790609
978	383024	790697
979	383603	790692
980	384221	790767
981	384826	790813
982	385276	790542
983	385752	790322
984	386297	790243
985	386924	790329
986	387521	790355
987	388156	790455
988	388759	790491
989	389308	790414
990	390001	790628
991	390618	790687
992	391152	790576
993	391763	790621
994	392291	790496
995	392981	790698
996	393626	790806
997	394110	790591
998	394642	790470
999	395197	790394
1000	395752	790318
1001	396225	790078
1002	396574	789590
1003	397100	789453
1004	397624	789313
1005	398178	789231
1006	398785	789254
1007	399402	789295
1008	399982	789261
1009	400625	789351
1010	401305	789512
1011	401831	789367
1012	402351	789212
1013	402946	789203
1014	403472	789057
1015	404106	789120
1016	404663	789034
1017	405111	788733
1018	405594	788501
1019	405947	788014
1020	406509	787936
1021	406916	787554
1022	407313	787154
1023	407794	786915
1024	408264	786656
1025	408850	786619
1026	409432	786573
1027	409938	786380
1028	410419	786139
1029	410929	785952
1030	411455	785796
1031	411954	785588
1032	412595	785648
1033	413179	785601
1034	413635	785307
1035	414129	785087
1036	414699	785009
1037	415312	785012
1038	415891	784949
1039	416500	784942
1040	417084	784888
1041	417489	784495
1042	417995	784293
1043	418569	784216
1044	418955	783786
1045	419444	783550
1046	419990	783420
1047	420561	783336
1048	421118	783223
1049	421799	783341
1050	422273	783075
1051	422826	782952
1052	423276	782638
1053	423676	782234
1054	424256	782159
1055	424783	781988
1056	425397	781975
1057	425979	781901
1058	426611	781920
1059	427307	782053
1060	427866	781935
1061	428444	781851
1062	428996	781718
1063	429480	781461
1064	429950	781178
1065	430512	781060
1066	430945	780710
1067	431481	780545
1068	432125	780575
1069	432679	780440
1070	433341	780500
1071	433898	780369
1072	434509	780334
1073	435099	780261
1074	435675	780163
1075	436280	780114
1076	436890	780074
1077	437473	779984
1078	438105	779982
1079	438666	779851
1080	439159	779600
1081	439659	779359
1082	440146	779096
1083	440704	778958
1084	441308	778899
1085	441943	778894
1086	442479	778714
1087	443024	778550
1088	443580	778404
1089	444062	778127
1090	444605	777957
1091	445181	777844
1092	445781	777772
1093	446362	777665
1094	446972	777609
1095	447713	777779
1096	448430	777906
1097	449004	777783
1098	449457	777451
1099	450082	777415
1100	450811	777557
1101	451325	777327
1102	452088	777526
1103	452591	777276
1104	453236	777270
1105	453810	777140
1106	454266	776807
1107	454803	776614
1108	455447	776601
1109	456069	776551
1110	456685	776488
1111	457320	776457
1112	458090	776655
1113	458664	776517
1114	459162	776253
1115	459829	776270
1116	460380	776093
1117	460868	775809
1118	461427	775643
1119	462034	775557
1120	462587	775380
1121	463277	775432
1122	464020	775571
1123	464605	775444
1124	465062	775104
1125	465577	774860
1126	466064	774568
1127	466633	774412
1128	467210	774270
1129	467850	774231
1130	468542	774275
1131	469279	774393
1132	469923	774357
1133	470593	774362
1134	471225	774303
1135	471794	774142
1136	472431	774089
1137	472987	773903
1138	473657	773904
1139	474097	773528
1140	474700	773415
1141	475309	773314
1142	476089	773489
1143	476668	773336
1144	477380	773398
1145	477976	773270
1146	478579	773154
1147	479244	773136
1148	479877	773066
1149	480480	772946
1150	481215	773039
1151	481727	772771
1152	482389	772744
1153	483107	772804
1154	483863	772924
1155	484715	773196
1156	485413	773221
1157	486115	773250
1158	486697	773089
1159	487446	773191
1160	488067	773088
1161	488723	773040
1162	489651	773422
1163	490377	773482
1164	491046	773450
1165	491686	773372
1166	492372	773366
1167	493038	773328
1168	493743	773347
1169	494426	773333
1170	495062	773243
1171	495725	773196
1172	496405	773174
1173	497061	773112
1174	497800	773179
1175	498414	773051
1176	499121	773066
1177	499791	773022
1178	500514	773059
1179	501216	773063
1180	501888	773019
1181	502478	772848
1182	503222	772912
1183	503960	772966
1184	504627	772910
1185	505447	773087
1186	506067	772956
1187	506826	773037
1188	507492	772976
1189	508074	772785
1190	508870	772919
1191	509572	772908
1192	510252	772863
1193	510869	772722
1194	511537	772657
1195	512212	772601
1196	512830	772459
1197	513486	772372
1198	514145	772290
1199	514734	772102
1200	515355	771960
1201	516092	771991
1202	516793	771968
1203	517539	772011
1204	518249	771997
1205	518929	771940
1206	519521	771750
1207	520242	771750
1208	520825	771544
1209	521642	771686
1210	522367	771688
1211	522964	771502
1212	523654	771452
1213	524314	771355
1214	525070	771399
1215	525815	771426
1216	526501	771365
1217	527160	771265
1218	527902	771283
1219	528628	771277
1220	529284	771168
1221	529880	770971
1222	530619	770981
1223	531265	770855
1224	531850	770640
1225	532414	770393
1226	532945	770100
1227	533659	770068
1228	534313	769951
1229	535079	769991
1230	535777	769935
1231	536455	769848
1232	537185	769834
1233	537838	769711
1234	538469	769553
1235	539178	769506
1236	539775	769300
1237	540458	769214
1238	541166	769163
1239	541893	769138
1240	542641	769143
1241	543429	769201
1242	544044	769014
1243	544656	768823
1244	545317	768700
1245	546060	768692
1246	546719	768563
1247	547403	768469
1248	548160	768478
1249	548907	768471
1250	549399	768105
1251	550301	768312
1252	551110	768388
1253	551727	768195
1254	552593	768347
1255	553466	768507
1256	554193	768464
1257	554922	768421
1258	555678	768416
1259	556337	768276
1260	556968	768094
1261	557578	767884
1262	558235	767739
1263	559244	768076
1264	559833	767835
1265	560542	767757
1266	560958	767278
1267	561572	767069
1268	562234	766925
1269	562903	766789
1270	563641	766747
1271	564455	766808
1272	564984	766479
1273	565676	766372
1274	566443	766364
1275	567246	766404
1276	567876	766211
1277	568567	766097
1278	569410	766188
1279	570195	766200
1280	570815	765989
1281	571719	766157
1282	572568	766250
1283	573307	766196
1284	574016	766100
1285	574865	766189
1286	575609	766137
1287	576385	766126
1288	577124	766066
1289	577793	765912
1290	578559	765886
1291	579321	765851
1292	580097	765835
1293	580733	765635
1294	581454	765544
1295	582262	765567
1296	583007	765506
1297	583797	765503
1298	584506	765392
1299	585221	765290
1300	585924	765169
1301	586727	765178
1302	587436	765064
1303	588102	764893
1304	588944	764950
1305	589637	764812
1306	590394	764757
1307	591181	764739
1308	591920	764658
1309	592535	764415
1310	593241	764289
1311	593891	764091
1312	594616	763989
1313	595571	764180
1314	596316	764101
1315	597187	764181
1316	597920	764085
1317	598701	764049
1318	599445	763962
1319	600259	763966
1320	601049	763938
1321	601712	763747
1322	602520	763739
1323	603291	763682
1324	604110	763686
1325	604908	763662
1326	605714	763646
1327	606493	763596
1328	607245	763511
1329	607956	763373
1330	608560	763100
1331	609386	763106
1332	610259	763168
1333	611026	763096
1334	611699	762905
1335	612522	762902
1336	613180	762692
1337	614057	762752
1338	614739	762570
1339	615699	762732
1340	616551	762758
1341	617426	762811
1342	618284	762842
1343	619040	762745
1344	619888	762762
1345	620684	762713
1346	621516	762707
1347	622229	762554
1348	623015	762489
1349	623909	762555
1350	624662	762449
1351	625535	762487
1352	626259	762342
1353	627033	762257
1354	627910	762297
1355	628702	762231
1356	629332	761970
1357	630031	761790
1358	630937	761860
1359	631707	761765
1360	632620	761840
1361	633367	761715
1362	634175	761661
1363	634954	761573
1364	635714	761460
1365	636534	761418
1366	637273	761278
1367	638147	761298
1368	638859	761125
1369	639695	761097
1370	640725	761299
1371	641610	761327
1372	642518	761382
1373	643357	761352
1374	644117	761230
1375	644861	761086
1376	645712	761068
1377	646425	760886
1378	647407	761020
1379	648214	760948
1380	649140	761012
1381	649824	760793
1382	650796	760909
1383	651662	760901
1384	652547	760912
1385	653367	760847
1386	654309	760923
1387	655103	760826
1388	655808	760624
1389	656777	760728
1390	657523	760571
1391	658500	760682
1392	659280	760562
1393	659919	760279
1394	660882	760369
1395	661830	760441
1396	662645	760358
1397	663343	760140
1398	664387	760317
1399	665412	760471
1400	666114	760255
1401	666870	760098
1402	667645	759963
1403	668676	760119
1404	669484	760019
1405	670281	759906
1406	671083	759798
1407	671957	759770
1408	672925	759847
1409	673883	759911
1410	674690	759803
1411	675584	759792
1412	676293	759574
1413	677334	759726
1414	678077	759542
1415	678775	759307
1416	679500	759103
1417	680311	758993
1418	681056	758808
1419	681948	758787
1420	682782	758700
1421	683553	758541
1422	684311	758368
1423	685059	758183
1424	685788	757977
1425	686761	758038
1426	687615	757967
1427	688299	757707
1428	689308	757805
1429	690142	757708
1430	691008	757647
1431	691628	757313
1432	692581	757345
1433	693559	757402
1434	694404	757311
1435	695212	757180
1436	695979	757004
1437	696904	756999
1438	697768	756926
1439	698528	756738
1440	699363	756632
1441	700218	756546
1442	701097	756486
1443	701905	756347
1444	702761	756258
1445	703612	756164
1446	704405	756006
1447	705152	755798
1448	705937	755631
1449	706781	755525
1450	707590	755381
1451	708303	755133
1452	709388	755281
1453	710258	755199
1454	711098	755084
1455	711886	754912
1456	712739	754809
1457	713596	754708
1458	714525	754683
1459	715353	754551
1460	716213	754450
1461	717045	754319
1462	717900	754212
1463	718716	754063
1464	719666	754053
1465	720465	753884
1466	721369	753823
1467	722221	753708
1468	723088	753606
1469	723983	753533
1470	724874	753455
1471	725787	753398
1472	726667	753306
1473	727414	753076
1474	728315	753003
1475	729064	752773
1476	729937	752670
1477	730783	752538
1478	731581	752356
1479	732490	752287
1480	733358	752175
1481	734218	752054
1482	735126	751980
1483	735847	751714
1484	736837	751723
1485	737727	751628
1486	738583	751497
1487	739460	751387
1488	740328	751266
1489	741240	751189
1490	742187	751147
1491	743065	751033
1492	743928	750904
1493	744860	750843
1494	745678	750666
1495	746510	750502
1496	747434	750430
1497	748240	750238
1498	749149	750148
1499	749995	749995
1500	750823	749823
1501	751777	749775
1502	752674	749669
1503	753611	749602
1504	754452	749439
1505	755295	749277
1506	756223	749198
1507	757150	749116
1508	758013	748971
1509	758969	748916
1510	759888	748824
1511	760801	748725
1512	761720	748630
1513	762651	748546
1514	763402	748285
1515	764058	747930
1516	764939	747795
1517	766039	747872
1518	767088	747898
1519	767950	747740
1520	768955	747721
1521	769806	747552
1522	770760	747480
1523	771692	747387
1524	772627	747295
1525	773443	747088
1526	774324	746941
1527	775317	746902
1528	776241	746796
1529	777165	746688
1530	777787	746290
1531	778997	746454
1532	779914	746336
1533	780752	746143
1534	781517	745877
1535	782572	745889
1536	783564	745839
1537	784356	745597
1538	785395	745589
1539	786328	745480
1540	787133	745248
1541	788063	745133
1542	788801	744836
1543	789834	744817
1544	790709	744648
1545	791792	744674
1546	792740	744571
1547	793663	744444
1548	794536	744268
1549	795459	744139
1550	796295	743927
1551	797227	743804
1552	798204	743722
1553	799157	743617
1554	800026	743432
1555	801045	743386
1556	801957	743240
1557	802725	742959
1558	803551	742730
1559	804641	742745
1560	805589	742628
1561	806547	742519
1562	807385	742298
1563	808348	742192
1564	809303	742076
1565	810221	741926
1566	811151	741786
1567	811994	741566
1568	813004	741497
1569	813844	741272
1570	814933	741273
1571	815849	741115
1572	816778	740968
1573	817741	740850
1574	818557	740599
1575	819532	740491
1576	820512	740386
1577	821434	740228
1578	822213	739939
1579	823326	739951
1580	824294	739831
1581	825294	739739
1582	826164	739529
1583	827152	739424
1584	828114	739294
1585	829109	739193
1586	830027	739022
1587	830990	738890
1588	831951	738756
1589	832801	738521
1590	833677	738310
1591	834580	738121
1592	835655	738083
1593	836644	737968
1594	837676	737890
1595	838579	737697
1596	839525	737541
1597	840580	737480
1598	841493	737293
1599	842398	737099
1600	843173	736789
1601	844190	736691
1602	845273	736647
1603	846163	736436
1604	847349	736481
1605	848336	736351
1606	849202	736116
1607	850101	735908
1608	851239	735906
1609	852175	735729
1610	853062	735508
1611	854223	735522
1612	855190	735368
1613	856196	735246
1614	857165	735092
1615	858225	735015
1616	859204	734866
1617	860031	734588
1618	861019	734446
1619	861871	734186
1620	862668	733879
1621	863866	733913
1622	864870	733780
1623	865759	733550
1624	866876	733510
1625	867886	733380
1626	868832	733194
1627	869853	733070
1628	870841	732918
1629	871842	732775
1630	872824	732615
1631	873843	732486
1632	874874	732365
1633	875835	732185
1634	876837	732038
1635	877730	731800
1636	878702	731626
1637	879734	731500
1638	880730	731344
1639	881673	731143
1640	882666	730983
1641	883648	730813
1642	884360	730418
1643	885571	730434
1644	886634	730328
1645	887589	730131
1646	888277	729713
1647	889554	729780
1648	890522	729591
1649	891558	729457
1650	892504	729247
1651	893428	729020
1652	894416	728843
1653	895537	728774
1654	896455	728539
1655	897369	728299
1656	898524	728254
1657	899329	727925
1658	900416	727823
1659	901204	727477
1660	902375	727442
1661	903481	727351
1662	904506	727194
1663	905530	727036
1664	906446	726790
1665	907558	726700
1666	908544	726508
1667	909538	726322
1668	910465	726081
1669	911525	725945
1670	912364	725633
1671	913491	725548
1672	914508	725375
1673	915442	725135
1674	916578	725054
1675	917492	724796
1676	918566	724665
1677	919483	724408
1678	920481	724214
1679	921507	724041
1680	922476	723823
1681	923183	723398
1682	924238	723245
1683	925395	723171
1684	926428	722999
1685	927383	722765
1686	928635	722761
1687	929638	722562
1688	930655	722373
1689	931551	722090
1690	932499	721845
1691	933394	721560
1692	934556	721479
1693	935532	721254
1694	936406	720950
1695	937394	720732
1696	938485	720593
1697	939420	720333
1698	940493	720177
1699	941458	719938
1700	942255	719570
1701	943475	719524
1702	944425	719272
1703	945428	719058
1704	946426	718840
1705	947262	718497
1706	948492	718454
1707	949420	718179
1708	950611	718103
1709	951589	717866
1710	952607	717656
1711	953561	717399
1712	954530	717151
1713	955567	716954
1714	956580	716738
1715	957624	716544
1716	958544	716256
1717	959531	716018
1718	960452	715729
1719	961671	715662
1720	962644	715411
1721	963743	715252
1722	964562	714884
1723	965887	714890
1724	966928	714685
1725	967959	714472
1726	969075	714321
1727	970088	714093
1728	971116	713874
1729	972242	713726
1730	973052	713346
1731	974400	713360
1732	975300	713044
1733	976541	712976
1734	977591	712768
1735	978624	712546
1736	979452	712175
1737	980684	712096
1738	981701	711860
1739	982740	711639
1740	983999	711577
1741	984986	711316
1742	985929	711022
1743	986920	710763
1744	987898	710494
1745	988948	710275
1746	989744	709874
1747	990807	709662
1748	992038	709571
1749	992809	709149
1750	994068	709075
1751	995020	708781
1752	996190	708641
1753	997164	708361
1754	998219	708138
1755	999335	707957
1756	1000387	707729
1757	1001462	707518
1758	1002546	707311
1759	1003658	707122
1760	1004570	706793
1761	1005369	706383
1762	1006711	706354
1763	1007775	706128
1764	1008884	705933
1765	1009883	705660
1766	1011321	705693
1767	1012317	705415
1768	1013286	705118
1769	1014317	704864
1770	1015284	704565
1771	1016666	704552
1772	1017871	704415
1773	1018921	704169
1774	1020029	703963
1775	1021139	703758
1776	1022230	703538
1777	1023202	703235
1778	1024138	702908
1779	1025386	702792
1780	1026527	702603
1781	1027656	702404
1782	1028539	702037
1783	1029810	701933
1784	1030806	701641
1785	1031801	701347
1786	1032876	701107
1787	1034102	700968
1788	1035126	700692
1789	1036206	700452
1790	1037196	700151
1791	1038530	700081
1792	1039698	699897
1793	1040867	699713
1794	1041845	699400
1795	1042675	698987
1796	1043656	698674
1797	1044796	698467
1798	1046558	698675
1799	1049027	699351
1800	1050820	699574
1801	1052798	699918
1802	1054956	700378
1803	1057556	701129
1804	1060031	701793
1805	1061902	702055
1806	1064840	703018
1807	1066385	703059
1808	1068128	703228
1809	1069797	703347
1810	1071326	703372
1811	1073079	703541
1812	1075312	704023
1813	1077228	704296
1814	1079267	704645
1815	1080884	704717
1816	1082270	704637
1817	1083589	704512
1818	1085740	704925
1819	1087304	704955
1820	1088919	705017
1821	1090920	705325
1822	1092312	705239
1823	1094135	705429
1824	1096262	705813
1825	1097952	705912
1826	1100234	706390
1827	1101703	706343
1828	1103785	706688
1829	1105653	706893
1830	1107813	707282
1831	1109737	707518
1832	1111627	707730
1833	1112892	707542
1834	1114745	707726
1835	1116353	707753
1836	1118021	707816
1837	1119671	707866
1838	1121386	707955
1839	1123407	708235
1840	1124909	708185
1841	1126628	708271
1842	1128307	708329
1843	1129342	707982
1844	1130815	707908
1845	1132798	708152
1846	1134299	708092
1847	1135981	708144
1848	1137655	708189
1849	1140061	708686
1850	1141962	708867
1851	1143571	708866
1852	1145239	708898
1853	1147077	709034
1854	1148950	709190
1855	1150625	709222
1856	1152463	709351
1857	1153997	709292
1858	1155512	709220
1859	1157178	709238
1860	1158957	709324
1861	1160853	709479
1862	1162701	709603
1863	1164495	709692
1864	1165866	709521
1865	1168111	709881
1866	1170532	710344
1867	1172194	710344
1868	1173895	710366
1869	1175917	710581
1870	1177944	710796
1871	1179947	710994
1872	1181543	710944
1873	1183204	710932
1874	1184808	710884
1875	1186955	711160
1876	1188608	711138
1877	1190164	711056
1878	1191545	710868
1879	1193492	711016
1880	1195064	710939
1881	1196848	710986
1882	1198432	710913
1883	1199987	710820
1884	1201507	710705
1885	1203038	710596
1886	1204605	710506
1887	1205849	710225
1888	1207697	710297
1889	1209281	710212
1890	1210616	709980
1891	1212134	709854
1892	1213987	709923
1893	1215508	709795
1894	1217047	709676
1895	1218423	709461
1896	1220003	709364
1897	1221813	709398
1898	1223244	709211
1899	1224783	709084
1900	1226053	708802
1901	1228143	708991
1902	1229318	708650
1903	1232058	709210
1904	1233972	709291
1905	1236505	709725
1906	1238590	709900
1907	1240055	709717
1908	1241674	709621
1909	1243069	709395
1910	1244434	709151
1911	1246232	709153
1912	1247772	709006
1913	1249390	708902
1914	1251030	708808
1915	1252525	708631
1916	1254788	708886
1917	1256144	708627
1918	1258530	708948
1919	1260338	708940
1920	1262878	709341
1921	1265174	709603
1922	1267327	709782
1923	1270129	710321
1924	1272299	710505
1925	1274686	710806
1926	1277189	711169
1927	1279644	711503
1928	1281204	711337
1929	1283338	711488
1930	1285416	711605
1931	1289320	712730
1932	1290737	712476
1933	1292748	712549
1934	1294760	712620
1935	1297030	712830
1936	1298969	712857
1937	1301083	712977
1938	1302858	712910
1939	1304644	712847
1940	1306726	712943
1941	1308823	713046
1942	1310608	712976
1943	1313620	713571
1944	1315517	713558
1945	1317166	713408
1946	1318762	713229
1947	1320693	713228
1948	1322543	713182
1949	1324888	713401
1950	1327395	713704
1951	1329672	713881
1952	1331697	713921
1953	1333530	713854
1954	1335435	713826
1955	1338067	714183
1956	1340243	714294
1957	1342199	714285
1958	1343845	714111
1959	1345561	713971
1960	1348614	714538
1961	1350293	714375
1962	1352224	714343
1963	1354781	714640
1964	1357328	714928
1965	1359325	714924
1966	1361925	715235
1967	1364470	715514
1968	1366370	715453
1969	1368763	715647
1970	1370502	715498
1971	1372177	715313
1972	1373831	715116
1973	1375866	715115
1974	1378115	715224
1975	1380184	715237
1976	1382200	715220
1977	1383920	715048
1978	1385936	715028
1979	1388505	715290
1980	1390920	715471
1981	1392713	715329
1982	1394573	715219
1983	1396445	715115
1984	1398148	714922
1985	1400278	714945
1986	1402535	715031
1987	1404724	715080
1988	1406608	714972
1989	1408324	714777
1990	1410218	714671
1991	1412605	714812
1992	1414599	714752
1993	1416578	714683
1994	1418489	714577
1995	1420934	714738
1996	1423299	714856
1997	1425081	714680
1998	1427208	714675
1999	1429207	714603
2000	1431249	714551
2001	1433162	714433
2002	1435021	714286
2003	1437106	714250
2004	1439121	714177
2005	1441155	714111
2006	1442512	713709
2007	1444260	713499
2008	1445844	713206
2009	1447111	712756
2010	1449091	712656
2011	1450783	712412
2012	1452298	712080
2013	1454850	712255
2014	1456506	711989
2015	1458412	711844
2016	1460659	711863
2017	1462286	711578
2018	1464295	711478
2019	1466576	711507
2020	1468387	711306
2021	1470591	711295
2022	1472438	711108
2023	1473867	710718
2024	1475258	710309
2025	1477392	710257
2026	1478811	709858
2027	1480395	709538
2028	1482117	709283
2029	1483716	708968
2030	1485224	708607
2031	1487097	708420
2032	1488992	708241
2033	1491442	708325
2034	1493459	708200
2035	1495064	707879
2036	1496622	707534
2037	1498821	707490
2038	1500928	707402
2039	1502714	707159
2040	1505129	707211
2041	1507164	707083
2042	1509085	706898
2043	1510450	706453
2044	1512924	706524
2045	1514732	706282
2046	1517338	706411
2047	1520006	706565
2048	1522212	706502
2049	1524542	706495
2050	1526820	706461
2051	1528425	706114
2052	1530030	705766
2053	1532156	705657
2054	1534137	705479
2055	1535584	705054
2056	1536449	704361
2057	1538020	703991
2058	1539122	703406
2059	1540320	702864
2060	1541749	702427
2061	1543241	702017
2062	1544626	701558
2063	1545719	700965
2064	1546966	700442
2065	1548083	699859
2066	1549318	699329
2067	1550438	698747
2068	1552169	698438
2069	1553421	697914
2070	1554609	697359
2071	1555813	696812
2072	1557153	696324
2073	1558326	695761
2074	1559651	695266
2075	1560728	694659
2076	1561397	693871
2077	1562460	693257
2078	1563705	692723
2079	1564829	692136
2080	1566233	691671
2081	1567325	691068
2082	1568553	690524
2083	1569765	689973
2084	1570994	689429
2085	1572327	688929
2086	1573493	688356
2087	1574802	687844
2088	1576126	687339
2089	1577622	686907
2090	1578904	686381
2091	1580374	685936
2092	1581744	685447
2093	1583769	685241
2094	1585764	685020
2095	1587699	684770
2096	1589790	684588
2097	1591209	684113
2098	1592662	683653
2099	1594664	683427
2100	1597199	683428
2101	1599284	683233
2102	1601309	683012
2103	1602933	682618
2104	1604210	682075
2105	1605438	681510
2106	1606623	680927
2107	1608067	680453
2108	1609484	679967
2109	1611423	679699
2110	1613191	679358
2111	1615126	679087
2112	1616767	678690
2113	1618509	678334
2114	1620513	678087
2115	1622546	677850
2116	1624204	677455
2117	1626097	677156
2118	1628042	676878
2119	1630027	676615
2120	1631787	676256
2121	1633544	675896
2122	1635924	675791
2123	1638151	675621
2124	1639813	675217
2125	1641884	674979
2126	1644034	674773
2127	1646090	674525
2128	1648027	674228
2129	1649929	673914
2130	1652075	673699
2131	1654273	673503
2132	1656136	673169
2133	1658441	673013
2134	1660956	672940
2135	1662929	672645
2136	1664884	672342
2137	1666554	671922
2138	1668310	671535
2139	1670960	671507
2140	1672907	671194
2141	1675218	671025
2142	1677454	670825
2143	1679287	670461
2144	1681909	670411
2145	1683808	670071
2146	1685868	669793
2147	1688023	669551
2148	1690120	669284
2149	1692004	668931
2150	1693861	668567
2151	1697125	668755
2152	1698842	668332
2153	1700545	667902
2154	1702389	667526
2155	1704152	667117
2156	1706427	666907
2157	1708038	666435
2158	1709213	665793
2159	1711297	665504
2160	1713020	665073
2161	1715191	664815
2162	1717299	664530
2163	1719042	664103
2164	1721001	663758
2165	1722708	663314
2166	1724619	662947
2167	1726801	662683
2168	1728788	662343
2169	1731133	662138
2170	1733323	661872
2171	1735201	661485
2172	1737053	661087
2173	1739109	660765
2174	1741387	660526
2175	1743421	660192
2176	1745436	659850
2177	1747604	659564
2178	1749787	659281
2179	1751619	658866
2180	1753757	658563
2181	1755966	658286
2182	1757869	657892
2183	1759479	657387
2184	1760697	656736
2185	1762099	656152
2186	1763620	655611
2187	1765505	655205
2188	1767345	654781
2189	1769685	654541
2190	1771762	654201
2191	1773932	653894
2192	1775932	653523
2193	1778145	653229
2194	1780453	652968
2195	1782240	652514
2196	1783816	651982
2197	1785844	651613
2198	1787936	651267
2199	1789831	650847
2200	1791664	650404
2201	1793781	650062
2202	1795822	649691
2203	1797349	649133
2204	1799371	648752
2205	1800985	648224
2206	1803510	648021
2207	1805626	647670
2208	1807691	647299
2209	1809667	646894
2210	1811534	646449
2211	1813452	646021
2212	1815076	645487
2213	1817160	645116
2214	1819182	644721
2215	1821357	644379
2216	1823902	644165
2217	1826219	643869
2218	1828373	643515
2219	1830371	643103
2220	1832554	642755
2221	1834332	642264
2222	1835987	641728
2223	1838403	641457
2224	1840404	641039
2225	1842314	640589
2226	1844289	640159
2227	1846371	639766
2228	1848431	639363
2229	1850269	638882
2230	1852514	638540
2231	1854151	637987
2232	1856362	637630
2233	1858392	637210
2234	1860505	636817
2235	1862572	636406
2236	1864353	635896
2237	1866243	635423
2238	1868459	635059
2239	1870474	634625
2240	1872628	634236
2241	1874756	633838
2242	1876830	633419
2243	1878626	632906
2244	1880551	632434
2245	1882484	631964
2246	1884671	631578
2247	1886815	631176
2248	1889046	630801
2249	1890992	630330
2250	1892453	629696
2251	1894498	629256
2252	1896999	628965
2253	1899284	628600
2254	1901165	628101
2255	1903278	627677
2256	1905613	627324
2257	1907483	626817
2258	1909477	626349
2259	1911656	625940
2260	1913361	625375
2261	1915238	624865
2262	1917231	624392
2263	1919149	623893
2264	1920741	623286
2265	1922935	622874
2266	1924882	622381
2267	1926967	621931
2268	1928823	621406
2269	1930752	620902
2270	1932816	620441
2271	1935293	620111
2272	1937565	619713
2273	1939335	619154
2274	1941665	618772
2275	1943551	618247
2276	1945840	617849
2277	1948041	617421
2278	1950194	616976
2279	1952192	616481
2280	1954335	616031
2281	1956612	615621
2282	1958755	615167
2283	1960599	614618
2284	1962694	614147
2285	1964532	613594
2286	1966359	613036
2287	1968603	612607
2288	1971073	612246
2289	1973069	611737
2290	1975342	611312
2291	1977291	610786
2292	1979496	610337
2293	1981566	609845
2294	1983786	609398
2295	1985808	608888
2296	1987805	608370
2297	1990097	607941
2298	1991805	607331
2299	1993907	606841
2300	1995931	606326
2301	1998170	605874
2302	2000163	605346
2303	2002485	604917
2304	2004630	604433
2305	2006794	603952
2306	2008701	603394
2307	2010868	602912
2308	2012830	602367
2309	2015234	601953
2310	2017399	601466
2311	2019592	600985
2312	2021732	600488
2313	2023718	599944
2314	2025409	599311
2315	2027882	598908
2316	2029479	598245
2317	2032490	597997
2318	2034500	597453
2319	2036855	597009
2320	2038833	596453
2321	2040853	595908
2322	2043109	595430
2323	2044391	594668
2324	2046415	594120
2325	2048327	593539
2326	2050369	592994
2327	2051946	592314
2328	2053941	591753
2329	2055846	591166
2330	2057695	590561
2331	2059706	590001
2332	2061661	589424
2333	2063592	588840
2334	2064757	588035
2335	2065974	587246
2336	2067447	586528
2337	2069140	585873
2338	2070305	585067
2339	2071801	584354
2340	2073825	583789
2341	2076213	583325
2342	2078387	582800
2343	2080806	582341
2344	2082978	581812
2345	2085419	581357
2346	2087508	580802
2347	2089445	580203
2348	2091661	579681
2349	2094025	579198
2350	2096031	578615
2351	2098224	578082
2352	2100491	577568
2353	2102566	576999
2354	2104691	576444
2355	2106738	575865
2356	2109009	575347
2357	2111134	574787
2358	2113482	574286
2359	2115594	573720
2360	2117933	573214
2361	2120079	572654
2362	2122303	572114
2363	2124137	571468
2364	2126439	570946
2365	2128587	570382
2366	2130873	569853
2367	2133167	569325
2368	2135177	568719
2369	2137568	568214
2370	2139930	567699
2371	2141925	567086
2372	2144309	566574
2373	2146442	565995
2374	2148529	565402
2375	2151089	564932
2376	2152910	564267
2377	2155076	563691
2378	2157465	563172
2379	2159580	562579
2380	2161654	561975
2381	2164193	561491
2382	2166221	560872
2383	2168930	560428
2384	2171163	559859
2385	2172677	559104
2386	2175785	558758
2387	2179353	558527
2388	2181115	557832
2389	2183872	557390
2390	2185979	556780
2391	2187711	556073
2392	2190105	555534
2393	2191919	554846
2394	2194126	554257
2395	2196672	553752
2396	2198928	553172
2397	2201617	552699
2398	2204524	552279
2399	2206774	551693
2400	2209891	551322
2401	2212046	550709
2402	2214554	550182
2403	2216692	549562
2404	2219090	549005
2405	2221312	548403
2406	2223439	547777
2407	2226203	547305
2408	2228700	546767
2409	2230900	546154
2410	2232988	545512
2411	2235113	544878
2412	2238399	544525
2413	2240585	543903
2414	2242455	543203
2415	2244265	542488
2416	2245653	541669
2417	2246972	540834
2418	2248613	540076
2419	2250120	539285
2420	2251411	538441
2421	2252681	537592
2422	2253633	536668
2423	2255415	535940
2424	2256820	535122
2425	2258064	534265
2426	2259388	533427
2427	2260754	532599
2428	2262183	531785
2429	2262992	530825
2430	2264068	529928
2431	2265311	529069
2432	2266610	528223
2433	2268072	527415
2434	2269502	526599
2435	2270731	525735
2436	2272341	524960
2437	2273835	524157
2438	2275311	523349
2439	2276971	522583
2440	2278365	521755
2441	2279467	520861
2442	2281093	520085
2443	2282475	519253
2444	2283931	518438
2445	2285273	517596
2446	2286766	516788
2447	2288096	515943
2448	2289477	515109
2449	2290778	514256
2450	2292113	513411
2451	2293604	512599
2452	2294917	511748
2453	2296301	510913
2454	2297662	510071
2455	2299042	509234
2456	2300560	508426
2457	2301953	507590
2458	2303513	506791
2459	2304942	505963
2460	2306090	505072
2461	2307742	504291
2462	2309136	503453
2463	2310736	502660
2464	2312067	501807
2465	2313634	501006
2466	2315083	500178
2467	2316489	499340
2468	2317918	498507
2469	2319343	497672
2470	2320741	496832
2471	2322047	495971
2472	2323623	495167
2473	2325088	494339
2474	2326560	493512
2475	2327762	492628
2476	2329354	491825
2477	2330656	490961
2478	2332106	490127
2479	2333613	489306
2480	2334644	488383
2481	2336377	487608
2482	2338031	486815
2483	2339315	485944
2484	2340892	485134
2485	2342387	484306
2486	2343614	483423
2487	2345257	482625
2488	2346742	481794
2489	2348277	480972
2490	2349720	480131
2491	2351267	479311
2492	2352720	478471
2493	2354134	477623
2494	2355468	476758
2495	2356853	475903
2496	2358487	475097
2497	2359608	474188
2498	2361137	473361
2499	2362642	472528
2500	2364075	471680
2501	2365534	470837
2502	2367090	470013
2503	2368533	469166
2504	2369993	468322
2505	2371351	467457
2506	2373027	466654
2507	2374583	465827
2508	2375872	464947
2509	2377235	464081
2510	2378586	463213
2511	2380171	462389
2512	2381639	461543
2513	2383085	460691
2514	2384643	459861
2515	2386017	458995
2516	2387608	458170
2517	2389129	457331
2518	2390596	456481
2519	2392035	455625
2520	2393412	454757
2521	2394683	453869
2522	2396435	453071
2523	2397394	452123
2524	2398222	451150
2525	2399974	450351
2526	2401379	449486
2527	2402731	448611
2528	2404391	447792
2529	2405806	446928
2530	2407001	446022
2531	2408554	445183
2532	2409519	444234
2533	2410454	443280
2534	2411709	442384
2535	2413121	441517
2536	2414518	440647
2537	2415984	439789
2538	2417289	438901
2539	2418669	438026
2540	2419636	437077
2541	2421625	436311
2542	2422895	435416
2543	2424504	434580
2544	2425914	433709
2545	2427456	432861
2546	2428913	431997
2547	2430430	431143
2548	2431946	430289
2549	2433382	429420
2550	2434818	428550
2551	2436195	427670
2552	2437731	426817
2553	2439072	425930
2554	2440235	425011
2555	2441711	424147
2556	2442796	423214
2557	2444899	422457
2558	2446429	421600
2559	2447949	420741
2560	2449173	419830
2561	2450388	418918
2562	2451544	417996
2563	2452875	417103
2564	2454271	416221
2565	2455614	415329
2566	2456875	414424
2567	2458275	413541
2568	2459832	412684
2569	2461320	411816
2570	2462886	410960
2571	2464260	410071
2572	2465824	409213
2573	2466942	408281
2574	2468821	407475
2575	2470106	406570
2576	2471750	405723
2577	2473236	404851
2578	2474553	403950
2579	2476007	403070
2580	2477628	402218
2581	2479112	401343
2582	2480735	400490
2583	2482049	399586
2584	2483633	398726
2585	2484963	397824
2586	2486739	396993
2587	2488164	396106
2588	2489325	395176
2589	2491060	394337
2590	2492255	393412
2591	2494147	392597
2592	2495643	391718
2593	2497112	390835
2594	2498525	389943
2595	2499820	389032
2596	2501492	388179
2597	2502943	387291
2598	2504472	386415
2599	2506011	385540
2600	2507541	384663
2601	2509095	383789
2602	2510640	382913
2603	2512236	382045
2604	2513784	381168
2605	2515352	380295
2606	2516921	379420
2607	2518334	378522
2608	2519953	377654
2609	2520968	376696
2610	2522999	375889
2611	2524593	375016
2612	2526036	374120
2613	2527868	373281
2614	2529295	372381
2615	2530786	371491
2616	2532512	370635
2617	2534060	369752
2618	2535491	368851
2619	2536838	367938
2620	2538302	367041
2621	2539920	366167
2622	2541239	365248
2623	2543006	364394
2624	2544178	363454
2625	2545914	362594
2626	2547664	361735
2627	2549188	360844
2628	2550226	359883
2629	2552161	359049
2630	2553621	358147
2631	2555258	357270
2632	2556748	356371
2633	2558343	355487
2634	2559604	354556
2635	2561226	353674
2636	2562792	352784
2637	2564239	351878
2638	2565615	350961
2639	2567093	350058
2640	2568896	349198
2641	2570477	348308
2642	2571912	347398
2643	2573355	346488
2644	2574711	345566
2645	2576427	344692
2646	2577975	343794
2647	2579441	342886
2648	2581002	341990
2649	2582491	341083
2650	2584061	340187
2651	2585543	339279
2652	2587123	338383
2653	2588891	337511
2654	2590197	336579
2655	2591904	335698
2656	2593524	334805
2657	2595134	333911
2658	2596661	333005
2659	2597914	332064
2660	2599874	331212
2661	2601239	330285
2662	2602823	329384
2663	2604371	328479
2664	2606023	327586
2665	2607446	326664
2666	2608865	325741
2667	2610356	324826
2668	2611722	323896
2669	2613391	323003
2670	2615229	322130
2671	2616490	321185
2672	2618012	320273
2673	2619318	319333
2674	2620989	318437
2675	2622496	317522
2676	2623989	316603
2677	2625810	315724
2678	2627404	314817
2679	2628824	313889
2680	2630471	312987
2681	2632087	312081
2682	2633522	311154
2683	2634987	310229
2684	2636196	309274
2685	2638219	308414
2686	2639642	307483
2687	2641261	306575
2688	2643048	305685
2689	2644626	304771
2690	2645661	303793
2691	2647604	302920
2692	2649176	302004
2693	2650781	301090
2694	2652331	300171
2695	2653796	299241
2696	2655533	298341
2697	2657113	297423
2698	2658594	296493
2699	2660095	295566
2700	2661660	294645
2701	2662857	293683
2702	2664299	292747
2703	2666081	291849
2704	2667591	290920
2705	2669305	290013
2706	2670929	289095
2707	2672552	288177
2708	2674277	287270
2709	2675882	286349
2710	2677487	285427
2711	2679229	284519
2712	2680622	283574
2713	2682164	282645
2714	2683718	281716
2715	2685564	280817
2716	2687158	279891
2717	2688780	278968
2718	2690426	278047
2719	2691728	277089
2720	2693430	276173
2721	2694986	275241
2722	2696288	274282
2723	2698068	273372
2724	2699639	272440
2725	2701235	271510
2726	2702950	270592
2727	2704403	269647
2728	2706070	268722
2729	2707719	267796
2730	2709150	266847
2731	2710486	265889
2732	2712295	264977
2733	2713871	264041
2734	2715479	263108
2735	2717040	262170
2736	2718677	261239
2737	2720155	260292
2738	2722021	259382
2739	2723650	258448
2740	2725310	257517
2741	2726746	256564
2742	2728316	255624
2743	2730043	254697
2744	2731676	253762
2745	2733145	252810
2746	2734936	251888
2747	2736580	250952
2748	2738132	250007
2749	2739701	249063
2750	2741325	248124
2751	2743073	247195
2752	2744622	246248
2753	2746165	245300
2754	2747765	244356
2755	2749264	243403
2756	2750958	242467
2757	2752562	241522
2758	2754223	240582
2759	2755731	239628
2760	2757442	238692
2761	2759200	237758
2762	2760601	236794
2763	2762425	235865
2764	2764153	234928
2765	2765350	233945
2766	2767329	233027
2767	2768708	232059
2768	2770358	231113
2769	2772021	230167
2770	2773621	229216
2771	2775091	228254
2772	2776909	227320
2773	2778370	226356
2774	2780007	225406
2775	2781640	224455
2776	2783246	223501
2777	2784778	222541
2778	2786515	221597
2779	2788215	220650
2780	2789874	219698
2781	2791560	218749
2782	2792999	217779
2783	2794656	216826
2784	2796315	215873
2785	2797998	214921
2786	2799630	213965
2787	2801088	212995
2788	2802858	212048
2789	2804646	211102
2790	2806122	210132
2791	2807931	209186
2792	2809494	208222
2793	2811202	207268
2794	2812912	206313
2795	2814126	205322
2796	2816256	204397
2797	2817779	203427
2798	2819433	202467
2799	2821054	201503
2800	2822757	200545
2801	2824379	199581
2802	2825823	198604
2803	2827658	197653
2804	2829297	196689
2805	2830910	195722
2806	2832802	194774
2807	2834346	193801
2808	2835736	192817
2809	2837451	191856
2810	2839113	190890
2811	2840655	189915
2812	2842206	188941
2813	2844085	187988
2814	2845664	187015
2815	2847084	186031
2816	2848778	185064
2817	2850428	184094
2818	2851735	183101
2819	2853645	182147
2820	2855434	181184
2821	2856938	180203
2822	2858542	179228
2823	2860367	178266
2824	2861984	177291
2825	2863487	176308
2826	2865304	175344
2827	2867000	174372
2828	2868038	173359
2829	2869063	172346
2830	2870613	171364
2831	2871742	170357
2832	2873277	169374
2833	2874818	168390
2834	2876541	167417
2835	2878711	166469
2836	2880585	165504
2837	2882187	164522
2838	2883950	163549
2839	2885568	162567
2840	2887601	161608
2841	2889581	160645
2842	2891156	159659
2843	2892887	158681
2844	2894486	157696
2845	2896325	156723
2846	2897936	155737
2847	2899726	154760
2848	2901328	153773
2849	2903007	152789
2850	2905031	151823
2851	2906812	150844
2852	2908443	149856
2853	2910164	148873
2854	2911788	147884
2855	2913422	146895
2856	2915092	145907
2857	2916739	144918
2858	2918377	143928
2859	2920022	142938
2860	2921662	141947
2861	2923280	140954
2862	2925079	139970
2863	2926539	138969
2864	2928131	137974
2865	2929546	136971
2866	2931348	135985
2867	2932800	134982
2868	2934222	133978
2869	2935782	132979
2870	2937098	131969
2871	2939066	130989
2872	2940523	129984
2873	2942518	129003
2874	2944011	128000
2875	2945610	127001
2876	2947176	126000
2877	2948594	124992
2878	2949910	123980
2879	2951415	122975
2880	2953554	121996
2881	2955084	120992
2882	2956537	119984
2883	2958419	118993
2884	2960071	117992
2885	2961607	116986
2886	2963388	115989
2887	2965046	114987
2888	2966925	113994
2889	2968492	112987
2890	2969986	111978
2891	2971466	110967
2892	2973204	109966
2893	2974800	108959
2894	2976731	107964
2895	2978402	106959
2896	2980255	105960
2897	2982808	104984
2898	2984263	103970
2899	2985489	102947
2900	2988081	101971
2901	2989777	100964
2902	2991242	99948
2903	2993155	98947
2904	2994929	97940
2905	2996790	96936
2906	2998728	95934
2907	2999523	94895
2908	3000952	93876
2909	3002394	92857
2910	3004078	91845
2911	3005848	90836
2912	3007020	89808
2913	3008050	88775
2914	3009820	87764
2915	3011107	86739
2916	3012302	85711
2917	3013683	84688
2918	3014938	83662
2919	3016266	82637
2920	3018615	81640
2921	3020140	80619
2922	3021512	79595
2923	3022958	78572
2924	3024037	77539
2925	3025168	76508
2926	3025948	75467
2927	3027264	74440
2928	3028280	73406
2929	3029414	72375
2930	3030362	71339
2931	3031274	70302
2932	3032266	69267
2933	3033495	68238
2934	3034351	67200
2935	3035157	66161
2936	3035874	65120
2937	3036602	64080
2938	3037333	63040
2939	3038066	62001
2940	3038834	60962
2941	3039572	59923
2942	3040299	58884
2943	3041109	57847
2944	3041835	56808
2945	3042533	55769
2946	3043251	54731
2947	3044049	53694
2948	3044804	52656
2949	3045649	51621
2950	3046396	50584
2951	3046836	49542
2952	3047266	48500
2953	3047734	47459
2954	3048163	46418
2955	3048621	45378
2956	3049147	44339
2957	3049604	43300
2958	3050028	42261
2959	3050498	41222
2960	3051025	40185
2961	3051517	39148
2962	3051950	38110
2963	3052405	37073
2964	3052842	36036
2965	3053262	35000
2966	3053801	33965
2967	3054330	32930
2968	3054765	31895
2969	3055237	30860
2970	3055689	29826
2971	3056143	28792
2972	3056585	27759
2973	3057048	26726
2974	3057473	25693
2975	3058048	24661
2976	3058527	23629
2977	3059075	22598
2978	3059564	21567
2979	3060021	20537
2980	3060448	19506
2981	3060902	18476
2982	3061347	17446
2983	3061815	16417
2984	3062328	15388
2985	3062792	14360
2986	3063244	13331
2987	3063694	12303
2988	3064167	11276
2989	3064621	10249
2990	3065097	9222
2991	3065634	8196
2992	3066118	7171
2993	3066575	6145
2994	3067035	5120
2995	3067543	4095
2996	3068026	3071
2997	3068571	2047
2998	3069108	1023
2999	3069780	0
